11, 13, 17, Mon Jan  9 10:18:51 2023
18, 17, 17, Mon Jan  9 10:19:51 2023
13, 18, 16, Mon Jan  9 10:20:51 2023
16, 18, 21, Mon Jan  9 10:21:51 2023
17, 18, 12, Mon Jan  9 10:22:51 2023
16, 20, 20, Mon Jan  9 10:23:51 2023
19, 28, 19, Mon Jan  9 10:24:51 2023
13, 13, 15, Mon Jan  9 10:25:51 2023
18, 19, 20, Mon Jan  9 10:26:51 2023
15, 19, 14, Mon Jan  9 10:27:51 2023
19, 22, 14, Mon Jan  9 10:28:51 2023
14, 19, 20, Mon Jan  9 10:29:51 2023
14, 15, 11, Mon Jan  9 10:30:51 2023
18, 17, 19, Mon Jan  9 10:31:51 2023
16, 22, 20, Mon Jan  9 10:32:51 2023
17, 18, 18, Mon Jan  9 10:33:51 2023
21, 18, 20, Mon Jan  9 10:34:51 2023
12, 18, 11, Mon Jan  9 10:35:51 2023
18, 21, 18, Mon Jan  9 10:36:51 2023
15, 18, 18, Mon Jan  9 10:37:51 2023
11, 17, 11, Mon Jan  9 10:38:51 2023
19, 19, 19, Mon Jan  9 10:39:51 2023
22, 26, 27, Mon Jan  9 10:40:51 2023
17, 19, 15, Mon Jan  9 10:41:51 2023
13, 18, 19, Mon Jan  9 10:42:51 2023
23, 22, 25, Mon Jan  9 10:43:51 2023
16, 19, 18, Mon Jan  9 10:44:51 2023
23, 27, 27, Mon Jan  9 10:45:51 2023
12, 20, 15, Mon Jan  9 10:46:51 2023
11, 15, 19, Mon Jan  9 10:47:51 2023
16, 21, 15, Mon Jan  9 10:48:51 2023
18, 18, 20, Mon Jan  9 10:49:51 2023
17, 15, 21, Mon Jan  9 10:50:51 2023
25, 21, 18, Mon Jan  9 10:51:51 2023
20, 24, 24, Mon Jan  9 10:52:51 2023
18, 17, 19, Mon Jan  9 10:53:51 2023
21, 21, 18, Mon Jan  9 10:54:51 2023
19, 17, 20, Mon Jan  9 10:55:51 2023
22, 24, 20, Mon Jan  9 10:56:51 2023
19, 20, 15, Mon Jan  9 10:57:51 2023
18, 20, 21, Mon Jan  9 10:58:51 2023
16, 16, 10, Mon Jan  9 10:59:51 2023
21, 18, 22, Mon Jan  9 11:00:51 2023
14, 14, 12, Mon Jan  9 11:01:51 2023
10, 12, 7, Mon Jan  9 11:02:51 2023

10, 12, 7, Mon Jan  9 11:02:51 2023

18, 22, 22, Mon Jan  9 11:03:51 2023
16, 25, 13, Mon Jan  9 11:04:51 2023
20, 19, 14, Mon Jan  9 11:05:51 2023
16, 19, 17, Mon Jan  9 11:06:51 2023
13, 15, 13, Mon Jan  9 11:07:51 2023
13, 17, 20, Mon Jan  9 11:08:51 2023
14, 17, 16, Mon Jan  9 11:09:51 2023
10, 13, 11, Mon Jan  9 11:10:51 2023
13, 17, 16, Mon Jan  9 11:11:51 2023
26, 26, 25, Mon Jan  9 11:12:51 2023
28, 22, 21, Mon Jan  9 11:13:51 2023
17, 18, 19, Mon Jan  9 11:14:51 2023
12, 15, 16, Mon Jan  9 11:15:51 2023
18, 20, 16, Mon Jan  9 11:16:51 2023
11, 13, 10, Mon Jan  9 11:17:51 2023
23, 17, 16, Mon Jan  9 11:18:51 2023
20, 24, 23, Mon Jan  9 11:19:51 2023
21, 15, 20, Mon Jan  9 11:20:51 2023
13, 16, 11, Mon Jan  9 11:21:51 2023
12, 15, 14, Mon Jan  9 11:22:51 2023
15, 11, 15, Mon Jan  9 11:23:51 2023
21, 25, 23, Mon Jan  9 11:24:51 2023
16, 14, 13, Mon Jan  9 11:25:51 2023
22, 23, 27, Mon Jan  9 11:26:51 2023
19, 18, 17, Mon Jan  9 11:27:51 2023
19, 20, 20, Mon Jan  9 11:28:51 2023
14, 13, 11, Mon Jan  9 11:29:51 2023
14, 19, 16, Mon Jan  9 11:30:51 2023
14, 17, 18, Mon Jan  9 11:31:51 2023
20, 16, 22, Mon Jan  9 11:32:51 2023
14, 16, 19, Mon Jan  9 11:33:51 2023
14, 18, 18, Mon Jan  9 11:34:51 2023
23, 25, 22, Mon Jan  9 11:35:51 2023
18, 21, 19, Mon Jan  9 11:36:51 2023
16, 20, 17, Mon Jan  9 11:37:51 2023
10, 17, 13, Mon Jan  9 11:38:51 2023
15, 16, 15, Mon Jan  9 11:39:51 2023
16, 17, 14, Mon Jan  9 11:40:51 2023
14, 16, 17, Mon Jan  9 11:41:51 2023
21, 17, 18, Mon Jan  9 11:42:51 2023
21, 17, 18, Mon Jan  9 11:43:51 2023
20, 21, 18, Mon Jan  9 11:44:51 2023
13, 16, 13, Mon Jan  9 11:45:51 2023
15, 20, 20, Mon Jan  9 11:46:51 2023
16, 18, 21, Mon Jan  9 11:47:51 2023
20, 25, 18, Mon Jan  9 11:48:51 2023
22, 28, 23, Mon Jan  9 11:49:51 2023
21, 26, 26, Mon Jan  9 11:50:51 2023
18, 19, 19, Mon Jan  9 11:51:51 2023
23, 27, 22, Mon Jan  9 11:52:51 2023
17, 19, 18, Mon Jan  9 11:53:51 2023
13, 16, 15, Mon Jan  9 11:54:51 2023
18, 19, 17, Mon Jan  9 11:55:51 2023
13, 16, 12, Mon Jan  9 11:56:51 2023
16, 22, 20, Mon Jan  9 11:57:51 2023
16, 19, 16, Mon Jan  9 11:58:51 2023
12, 12, 13, Mon Jan  9 11:59:51 2023
14, 12, 17, Mon Jan  9 12:00:51 2023
26, 22, 25, Mon Jan  9 12:01:51 2023
27, 22, 25, Mon Jan  9 12:02:51 2023
21, 21, 22, Mon Jan  9 12:03:51 2023
18, 20, 22, Mon Jan  9 12:04:51 2023
27, 23, 25, Mon Jan  9 12:05:51 2023
16, 20, 19, Mon Jan  9 12:06:51 2023
9, 12, 14, Mon Jan  9 12:07:51 2023

9, 12, 14, Mon Jan  9 12:07:51 2023

14, 23, 16, Mon Jan  9 12:08:51 2023
16, 19, 18, Mon Jan  9 12:09:51 2023
22, 20, 22, Mon Jan  9 12:10:51 2023
17, 14, 18, Mon Jan  9 12:11:51 2023
16, 16, 20, Mon Jan  9 12:12:51 2023
15, 12, 18, Mon Jan  9 12:13:51 2023
16, 16, 13, Mon Jan  9 12:14:51 2023
18, 20, 20, Mon Jan  9 12:15:51 2023
19, 16, 16, Mon Jan  9 12:16:51 2023
16, 15, 14, Mon Jan  9 12:17:51 2023
18, 18, 17, Mon Jan  9 12:18:51 2023
22, 21, 24, Mon Jan  9 12:19:51 2023
12, 21, 14, Mon Jan  9 12:20:51 2023
22, 24, 23, Mon Jan  9 12:21:51 2023
15, 17, 17, Mon Jan  9 12:22:51 2023
22, 23, 23, Mon Jan  9 12:23:51 2023
19, 18, 19, Mon Jan  9 12:24:51 2023
17, 25, 23, Mon Jan  9 12:25:51 2023
17, 17, 15, Mon Jan  9 12:26:51 2023
16, 23, 22, Mon Jan  9 12:27:51 2023
10, 13, 9, Mon Jan  9 12:28:51 2023

10, 13, 9, Mon Jan  9 12:28:51 2023

17, 20, 18, Mon Jan  9 12:29:51 2023
18, 20, 18, Mon Jan  9 12:30:51 2023
24, 26, 23, Mon Jan  9 12:31:51 2023
21, 27, 24, Mon Jan  9 12:32:51 2023
23, 21, 20, Mon Jan  9 12:33:51 2023
13, 20, 15, Mon Jan  9 12:34:51 2023
18, 16, 17, Mon Jan  9 12:35:51 2023
16, 19, 16, Mon Jan  9 12:36:51 2023
18, 17, 18, Mon Jan  9 12:37:51 2023
13, 15, 13, Mon Jan  9 12:38:51 2023
22, 25, 16, Mon Jan  9 12:39:51 2023
11, 13, 10, Mon Jan  9 12:40:51 2023
18, 19, 17, Mon Jan  9 12:41:51 2023
18, 13, 16, Mon Jan  9 12:42:51 2023
11, 13, 12, Mon Jan  9 12:43:51 2023
18, 20, 22, Mon Jan  9 12:44:51 2023
12, 17, 17, Mon Jan  9 12:45:51 2023
16, 19, 22, Mon Jan  9 12:46:51 2023
14, 16, 14, Mon Jan  9 12:47:51 2023
13, 13, 12, Mon Jan  9 12:48:51 2023
24, 28, 20, Mon Jan  9 12:49:51 2023
11, 13, 12, Mon Jan  9 12:50:51 2023
36, 33, 37, Mon Jan  9 12:51:51 2023
10, 16, 15, Mon Jan  9 12:52:51 2023
21, 28, 24, Mon Jan  9 12:53:51 2023
20, 22, 20, Mon Jan  9 12:54:51 2023
18, 14, 22, Mon Jan  9 12:55:51 2023
19, 19, 14, Mon Jan  9 12:56:51 2023
10, 14, 15, Mon Jan  9 12:57:51 2023
18, 18, 17, Mon Jan  9 12:58:51 2023
18, 19, 17, Mon Jan  9 12:59:51 2023
15, 16, 13, Mon Jan  9 13:00:51 2023
15, 13, 20, Mon Jan  9 13:01:51 2023
17, 22, 21, Mon Jan  9 13:02:51 2023
16, 15, 16, Mon Jan  9 13:03:51 2023
14, 18, 15, Mon Jan  9 13:04:51 2023
14, 16, 17, Mon Jan  9 13:05:51 2023
18, 16, 18, Mon Jan  9 13:06:51 2023
21, 17, 19, Mon Jan  9 13:07:51 2023
12, 14, 17, Mon Jan  9 13:08:51 2023
21, 21, 19, Mon Jan  9 13:09:51 2023
20, 24, 20, Mon Jan  9 13:10:51 2023
21, 20, 17, Mon Jan  9 13:11:51 2023
15, 19, 16, Mon Jan  9 13:12:51 2023
13, 15, 14, Mon Jan  9 13:13:51 2023
20, 19, 20, Mon Jan  9 13:14:51 2023
12, 17, 18, Mon Jan  9 13:15:51 2023
20, 18, 22, Mon Jan  9 13:16:51 2023
15, 13, 18, Mon Jan  9 13:17:51 2023
20, 21, 22, Mon Jan  9 13:18:51 2023
18, 15, 19, Mon Jan  9 13:19:51 2023
19, 20, 22, Mon Jan  9 13:20:51 2023
19, 19, 15, Mon Jan  9 13:21:51 2023
14, 23, 20, Mon Jan  9 13:22:51 2023
13, 17, 20, Mon Jan  9 13:23:51 2023
17, 23, 15, Mon Jan  9 13:24:51 2023
19, 19, 22, Mon Jan  9 13:25:51 2023
21, 22, 19, Mon Jan  9 13:26:51 2023
10, 13, 10, Mon Jan  9 13:27:51 2023
19, 18, 18, Mon Jan  9 13:28:51 2023
22, 24, 25, Mon Jan  9 13:29:51 2023
22, 19, 26, Mon Jan  9 13:30:51 2023
13, 14, 11, Mon Jan  9 13:31:51 2023
21, 20, 27, Mon Jan  9 13:32:51 2023
24, 27, 23, Mon Jan  9 13:33:51 2023
23, 25, 22, Mon Jan  9 13:34:51 2023
11, 9, 18, Mon Jan  9 13:35:51 2023

11, 9, 18, Mon Jan  9 13:35:51 2023

16, 18, 21, Mon Jan  9 13:36:51 2023
20, 23, 22, Mon Jan  9 13:37:51 2023
15, 14, 12, Mon Jan  9 13:38:51 2023
11, 15, 19, Mon Jan  9 13:39:51 2023
18, 31, 21, Mon Jan  9 13:40:52 2023
14, 19, 17, Mon Jan  9 13:41:52 2023
11, 15, 12, Mon Jan  9 13:42:52 2023
14, 18, 12, Mon Jan  9 13:43:52 2023
19, 23, 20, Mon Jan  9 13:44:52 2023
20, 17, 17, Mon Jan  9 13:45:52 2023
14, 14, 15, Mon Jan  9 13:46:52 2023
25, 26, 24, Mon Jan  9 13:47:52 2023
19, 24, 22, Mon Jan  9 13:48:52 2023
22, 26, 22, Mon Jan  9 13:49:52 2023
15, 18, 19, Mon Jan  9 13:50:52 2023
10, 11, 12, Mon Jan  9 13:51:52 2023
17, 22, 17, Mon Jan  9 13:52:52 2023
10, 12, 9, Mon Jan  9 13:53:52 2023

10, 12, 9, Mon Jan  9 13:53:52 2023

15, 15, 16, Mon Jan  9 13:54:52 2023
17, 19, 16, Mon Jan  9 13:55:52 2023
13, 14, 12, Mon Jan  9 13:56:52 2023
24, 33, 27, Mon Jan  9 13:57:52 2023
16, 16, 13, Mon Jan  9 13:58:52 2023
11, 17, 13, Mon Jan  9 13:59:52 2023
14, 18, 15, Mon Jan  9 14:00:52 2023
20, 27, 21, Mon Jan  9 14:01:52 2023
22, 25, 20, Mon Jan  9 14:02:52 2023
18, 25, 18, Mon Jan  9 14:03:52 2023
21, 21, 19, Mon Jan  9 14:04:52 2023
18, 18, 14, Mon Jan  9 14:05:52 2023
21, 20, 19, Mon Jan  9 14:06:52 2023
15, 21, 15, Mon Jan  9 14:07:52 2023
15, 15, 20, Mon Jan  9 14:08:52 2023
13, 18, 20, Mon Jan  9 14:09:52 2023
15, 20, 17, Mon Jan  9 14:10:52 2023
18, 24, 19, Mon Jan  9 14:11:52 2023
22, 24, 20, Mon Jan  9 14:12:52 2023
16, 16, 17, Mon Jan  9 14:13:52 2023
12, 12, 11, Mon Jan  9 14:14:52 2023
14, 16, 12, Mon Jan  9 14:15:52 2023
24, 30, 31, Mon Jan  9 14:16:52 2023
11, 15, 15, Mon Jan  9 14:17:52 2023
12, 15, 15, Mon Jan  9 14:18:52 2023
13, 15, 13, Mon Jan  9 14:19:52 2023
20, 25, 22, Mon Jan  9 14:20:52 2023
10, 14, 10, Mon Jan  9 14:21:52 2023
12, 14, 13, Mon Jan  9 14:22:52 2023
21, 18, 19, Mon Jan  9 14:23:52 2023
16, 16, 14, Mon Jan  9 14:24:52 2023
18, 19, 15, Mon Jan  9 14:25:52 2023
20, 19, 21, Mon Jan  9 14:26:52 2023
17, 23, 22, Mon Jan  9 14:27:52 2023
17, 12, 20, Mon Jan  9 14:28:52 2023
12, 21, 14, Mon Jan  9 14:29:52 2023
8, 11, 7, Mon Jan  9 14:30:52 2023
3
8, 11, 7, Mon Jan  9 14:30:52 2023
3
24, 23, 19, Mon Jan  9 14:31:52 2023
20, 18, 23, Mon Jan  9 14:32:52 2023
13, 16, 14, Mon Jan  9 14:33:52 2023
14, 16, 16, Mon Jan  9 14:34:52 2023
17, 14, 21, Mon Jan  9 14:35:52 2023
23, 19, 22, Mon Jan  9 14:36:52 2023
13, 16, 15, Mon Jan  9 14:37:52 2023
23, 23, 22, Mon Jan  9 14:38:52 2023
14, 25, 17, Mon Jan  9 14:39:52 2023
16, 19, 20, Mon Jan  9 14:40:52 2023
13, 19, 17, Mon Jan  9 14:41:52 2023
11, 9, 13, Mon Jan  9 14:42:52 2023

11, 9, 13, Mon Jan  9 14:42:52 2023

20, 18, 15, Mon Jan  9 14:43:52 2023
13, 14, 14, Mon Jan  9 14:44:52 2023
22, 20, 21, Mon Jan  9 14:45:52 2023
17, 19, 17, Mon Jan  9 14:46:52 2023
17, 21, 12, Mon Jan  9 14:47:52 2023
19, 16, 22, Mon Jan  9 14:48:52 2023
13, 24, 17, Mon Jan  9 14:49:52 2023
13, 17, 16, Mon Jan  9 14:50:52 2023
21, 26, 20, Mon Jan  9 14:51:52 2023
12, 17, 17, Mon Jan  9 14:52:52 2023
16, 11, 13, Mon Jan  9 14:53:52 2023
9, 17, 8, Mon Jan  9 14:54:52 2023
3
9, 17, 8, Mon Jan  9 14:54:52 2023
3
20, 19, 23, Mon Jan  9 14:55:52 2023
20, 16, 16, Mon Jan  9 14:56:52 2023
25, 21, 24, Mon Jan  9 14:57:52 2023
16, 17, 24, Mon Jan  9 14:58:52 2023
13, 16, 20, Mon Jan  9 14:59:52 2023
9, 15, 12, Mon Jan  9 15:00:52 2023

9, 15, 12, Mon Jan  9 15:00:52 2023

18, 12, 17, Mon Jan  9 15:01:52 2023
19, 21, 21, Mon Jan  9 15:02:52 2023
11, 16, 16, Mon Jan  9 15:03:52 2023
22, 29, 25, Mon Jan  9 15:04:52 2023
13, 13, 8, Mon Jan  9 15:05:52 2023

13, 13, 8, Mon Jan  9 15:05:52 2023

16, 14, 15, Mon Jan  9 15:06:52 2023
26, 25, 24, Mon Jan  9 15:07:52 2023
11, 14, 16, Mon Jan  9 15:08:52 2023
21, 22, 24, Mon Jan  9 15:09:52 2023
8, 16, 13, Mon Jan  9 15:10:52 2023

8, 16, 13, Mon Jan  9 15:10:52 2023

16, 16, 20, Mon Jan  9 15:11:52 2023
11, 15, 15, Mon Jan  9 15:12:52 2023
11, 14, 12, Mon Jan  9 15:13:52 2023
17, 15, 15, Mon Jan  9 15:14:52 2023
23, 22, 16, Mon Jan  9 15:15:52 2023
11, 13, 13, Mon Jan  9 15:16:52 2023
14, 15, 17, Mon Jan  9 15:17:52 2023
17, 18, 14, Mon Jan  9 15:18:52 2023
17, 18, 18, Mon Jan  9 15:19:52 2023
9, 9, 13, Mon Jan  9 15:20:52 2023
3
9, 9, 13, Mon Jan  9 15:20:52 2023
3
22, 22, 20, Mon Jan  9 15:21:52 2023
17, 20, 20, Mon Jan  9 15:22:52 2023
18, 23, 22, Mon Jan  9 15:23:52 2023
14, 16, 19, Mon Jan  9 15:24:52 2023
22, 18, 22, Mon Jan  9 15:25:52 2023
16, 20, 13, Mon Jan  9 15:26:52 2023
20, 30, 23, Mon Jan  9 15:27:52 2023
18, 17, 13, Mon Jan  9 15:28:52 2023
16, 20, 16, Mon Jan  9 15:29:52 2023
21, 14, 20, Mon Jan  9 15:30:52 2023
19, 20, 22, Mon Jan  9 15:31:52 2023
15, 16, 17, Mon Jan  9 15:32:52 2023
17, 19, 18, Mon Jan  9 15:33:52 2023
15, 19, 21, Mon Jan  9 15:34:52 2023
22, 28, 22, Mon Jan  9 15:35:52 2023
16, 22, 20, Mon Jan  9 15:36:52 2023
19, 18, 17, Mon Jan  9 15:37:52 2023
17, 23, 18, Mon Jan  9 15:38:52 2023
16, 18, 21, Mon Jan  9 15:39:52 2023
17, 14, 14, Mon Jan  9 15:40:52 2023
15, 16, 17, Mon Jan  9 15:41:52 2023
24, 20, 18, Mon Jan  9 15:42:52 2023
27, 29, 24, Mon Jan  9 15:43:52 2023
23, 29, 24, Mon Jan  9 15:44:52 2023
22, 24, 23, Mon Jan  9 15:45:52 2023
12, 21, 11, Mon Jan  9 15:46:52 2023
14, 20, 21, Mon Jan  9 15:47:52 2023
16, 21, 17, Mon Jan  9 15:48:52 2023
21, 18, 17, Mon Jan  9 15:49:52 2023
21, 20, 19, Mon Jan  9 15:50:52 2023
22, 25, 24, Mon Jan  9 15:51:52 2023
12, 14, 13, Mon Jan  9 15:52:52 2023
18, 19, 17, Mon Jan  9 15:53:52 2023
27, 31, 31, Mon Jan  9 15:54:52 2023
19, 24, 19, Mon Jan  9 15:55:52 2023
13, 19, 17, Mon Jan  9 15:56:52 2023
19, 16, 20, Mon Jan  9 15:57:52 2023
20, 22, 17, Mon Jan  9 15:58:52 2023
18, 21, 17, Mon Jan  9 15:59:52 2023
12, 17, 16, Mon Jan  9 16:00:52 2023
18, 25, 20, Mon Jan  9 16:01:52 2023
19, 22, 20, Mon Jan  9 16:02:52 2023
17, 21, 13, Mon Jan  9 16:03:52 2023
28, 29, 29, Mon Jan  9 16:04:52 2023
11, 7, 10, Mon Jan  9 16:05:52 2023

11, 7, 10, Mon Jan  9 16:05:52 2023

14, 17, 16, Mon Jan  9 16:06:52 2023
13, 14, 17, Mon Jan  9 16:07:52 2023
11, 16, 12, Mon Jan  9 16:08:52 2023
13, 14, 11, Mon Jan  9 16:09:52 2023
17, 22, 18, Mon Jan  9 16:10:52 2023
19, 21, 21, Mon Jan  9 16:11:52 2023
25, 18, 21, Mon Jan  9 16:12:52 2023
12, 18, 18, Mon Jan  9 16:13:52 2023
12, 14, 11, Mon Jan  9 16:14:52 2023
12, 19, 14, Mon Jan  9 16:15:52 2023
19, 20, 21, Mon Jan  9 16:16:52 2023
20, 20, 18, Mon Jan  9 16:17:52 2023
18, 24, 19, Mon Jan  9 16:18:52 2023
17, 21, 15, Mon Jan  9 16:19:52 2023
22, 25, 23, Mon Jan  9 16:20:52 2023
16, 17, 19, Mon Jan  9 16:21:52 2023
18, 18, 23, Mon Jan  9 16:22:52 2023
22, 27, 22, Mon Jan  9 16:23:52 2023
23, 27, 22, Mon Jan  9 16:24:52 2023
22, 18, 21, Mon Jan  9 16:25:52 2023
20, 22, 19, Mon Jan  9 16:26:52 2023
12, 12, 16, Mon Jan  9 16:27:52 2023
16, 20, 17, Mon Jan  9 16:28:52 2023
14, 13, 14, Mon Jan  9 16:29:52 2023
16, 20, 21, Mon Jan  9 16:30:52 2023
22, 24, 19, Mon Jan  9 16:31:52 2023
12, 14, 18, Mon Jan  9 16:32:52 2023
20, 26, 23, Mon Jan  9 16:33:52 2023
13, 14, 13, Mon Jan  9 16:34:52 2023
19, 18, 17, Mon Jan  9 16:35:52 2023
19, 23, 18, Mon Jan  9 16:36:52 2023
8, 13, 13, Mon Jan  9 16:37:52 2023

8, 13, 13, Mon Jan  9 16:37:52 2023

17, 22, 19, Mon Jan  9 16:38:52 2023
18, 18, 19, Mon Jan  9 16:39:52 2023
15, 13, 14, Mon Jan  9 16:40:52 2023
18, 19, 18, Mon Jan  9 16:41:52 2023
24, 25, 19, Mon Jan  9 16:42:52 2023
13, 16, 16, Mon Jan  9 16:43:52 2023
12, 14, 13, Mon Jan  9 16:44:52 2023
16, 23, 19, Mon Jan  9 16:45:52 2023
22, 24, 25, Mon Jan  9 16:46:52 2023
19, 21, 20, Mon Jan  9 16:47:52 2023
14, 23, 15, Mon Jan  9 16:48:52 2023
17, 20, 18, Mon Jan  9 16:49:52 2023
19, 20, 18, Mon Jan  9 16:50:52 2023
19, 18, 16, Mon Jan  9 16:51:52 2023
13, 18, 10, Mon Jan  9 16:52:52 2023
11, 12, 11, Mon Jan  9 16:53:52 2023
21, 17, 19, Mon Jan  9 16:54:52 2023
12, 14, 12, Mon Jan  9 16:55:52 2023
19, 17, 17, Mon Jan  9 16:56:52 2023
11, 16, 14, Mon Jan  9 16:57:52 2023
22, 22, 25, Mon Jan  9 16:58:52 2023
14, 14, 19, Mon Jan  9 16:59:52 2023
13, 13, 9, Mon Jan  9 17:00:52 2023

13, 13, 9, Mon Jan  9 17:00:52 2023

21, 23, 21, Mon Jan  9 17:01:52 2023
17, 18, 16, Mon Jan  9 17:02:52 2023
11, 17, 14, Mon Jan  9 17:03:52 2023
18, 18, 21, Mon Jan  9 17:04:52 2023
16, 14, 15, Mon Jan  9 17:05:52 2023
26, 29, 24, Mon Jan  9 17:06:52 2023
10, 18, 15, Mon Jan  9 17:07:52 2023
20, 21, 17, Mon Jan  9 17:08:52 2023
14, 11, 13, Mon Jan  9 17:09:52 2023
17, 21, 19, Mon Jan  9 17:10:52 2023
16, 18, 18, Mon Jan  9 17:11:52 2023
13, 16, 12, Mon Jan  9 17:12:52 2023
11, 22, 13, Mon Jan  9 17:13:52 2023
17, 23, 18, Mon Jan  9 17:14:52 2023
10, 9, 11, Mon Jan  9 17:15:52 2023

10, 9, 11, Mon Jan  9 17:15:52 2023

12, 20, 17, Mon Jan  9 17:16:52 2023
23, 29, 21, Mon Jan  9 17:17:52 2023
16, 17, 20, Mon Jan  9 17:18:52 2023
24, 26, 22, Mon Jan  9 17:19:52 2023
17, 20, 20, Mon Jan  9 17:20:52 2023
18, 20, 17, Mon Jan  9 17:21:52 2023
20, 22, 20, Mon Jan  9 17:22:52 2023
17, 23, 19, Mon Jan  9 17:23:52 2023
13, 21, 11, Mon Jan  9 17:24:52 2023
15, 22, 16, Mon Jan  9 17:25:52 2023
20, 21, 19, Mon Jan  9 17:26:52 2023
16, 20, 18, Mon Jan  9 17:27:52 2023
14, 20, 15, Mon Jan  9 17:28:52 2023
16, 18, 15, Mon Jan  9 17:29:52 2023
19, 20, 20, Mon Jan  9 17:30:52 2023
21, 18, 21, Mon Jan  9 17:31:52 2023
7, 11, 15, Mon Jan  9 17:32:52 2023

7, 11, 15, Mon Jan  9 17:32:52 2023

20, 19, 21, Mon Jan  9 17:33:52 2023
12, 15, 19, Mon Jan  9 17:34:52 2023
17, 18, 17, Mon Jan  9 17:35:52 2023
24, 27, 19, Mon Jan  9 17:36:52 2023
21, 23, 27, Mon Jan  9 17:37:52 2023
22, 17, 22, Mon Jan  9 17:38:52 2023
8, 11, 14, Mon Jan  9 17:39:52 2023

8, 11, 14, Mon Jan  9 17:39:52 2023

18, 19, 15, Mon Jan  9 17:40:52 2023
26, 18, 22, Mon Jan  9 17:41:52 2023
15, 21, 16, Mon Jan  9 17:42:52 2023
9, 14, 10, Mon Jan  9 17:43:52 2023

9, 14, 10, Mon Jan  9 17:43:52 2023

24, 20, 21, Mon Jan  9 17:44:52 2023
17, 17, 17, Mon Jan  9 17:45:52 2023
12, 11, 9, Mon Jan  9 17:46:52 2023

12, 11, 9, Mon Jan  9 17:46:52 2023

18, 20, 28, Mon Jan  9 17:47:52 2023
19, 18, 13, Mon Jan  9 17:48:52 2023
28, 24, 23, Mon Jan  9 17:49:52 2023
21, 19, 20, Mon Jan  9 17:50:52 2023
22, 21, 20, Mon Jan  9 17:51:52 2023
19, 27, 16, Mon Jan  9 17:52:52 2023
17, 18, 16, Mon Jan  9 17:53:52 2023
19, 19, 15, Mon Jan  9 17:54:52 2023
16, 24, 20, Mon Jan  9 17:55:52 2023
17, 18, 16, Mon Jan  9 17:56:52 2023
20, 20, 20, Mon Jan  9 17:57:52 2023
12, 20, 13, Mon Jan  9 17:58:52 2023
20, 23, 20, Mon Jan  9 17:59:52 2023
18, 19, 18, Mon Jan  9 18:00:52 2023
14, 18, 18, Mon Jan  9 18:01:52 2023
14, 15, 16, Mon Jan  9 18:02:52 2023
17, 21, 17, Mon Jan  9 18:03:52 2023
18, 23, 22, Mon Jan  9 18:04:52 2023
12, 12, 18, Mon Jan  9 18:05:52 2023
17, 27, 18, Mon Jan  9 18:06:52 2023
14, 14, 12, Mon Jan  9 18:07:52 2023
12, 12, 12, Mon Jan  9 18:08:52 2023
25, 27, 24, Mon Jan  9 18:09:52 2023
18, 16, 18, Mon Jan  9 18:10:52 2023
16, 14, 13, Mon Jan  9 18:11:52 2023
14, 20, 18, Mon Jan  9 18:12:52 2023
17, 21, 17, Mon Jan  9 18:13:52 2023
22, 23, 19, Mon Jan  9 18:14:52 2023
18, 20, 16, Mon Jan  9 18:15:52 2023
25, 28, 31, Mon Jan  9 18:16:52 2023
13, 12, 12, Mon Jan  9 18:17:52 2023
21, 28, 22, Mon Jan  9 18:18:52 2023
17, 18, 16, Mon Jan  9 18:19:52 2023
16, 19, 20, Mon Jan  9 18:20:52 2023
14, 17, 14, Mon Jan  9 18:21:52 2023
22, 25, 25, Mon Jan  9 18:22:52 2023
16, 20, 17, Mon Jan  9 18:23:52 2023
16, 22, 18, Mon Jan  9 18:24:52 2023
13, 18, 13, Mon Jan  9 18:25:52 2023
17, 18, 18, Mon Jan  9 18:26:52 2023
15, 14, 14, Mon Jan  9 18:27:52 2023
22, 21, 20, Mon Jan  9 18:28:52 2023
14, 7, 10, Mon Jan  9 18:29:52 2023

14, 7, 10, Mon Jan  9 18:29:52 2023

15, 22, 16, Mon Jan  9 18:30:52 2023
18, 26, 20, Mon Jan  9 18:31:52 2023
20, 17, 16, Mon Jan  9 18:32:52 2023
21, 24, 19, Mon Jan  9 18:33:52 2023
22, 17, 17, Mon Jan  9 18:34:52 2023
16, 19, 20, Mon Jan  9 18:35:52 2023
16, 26, 27, Mon Jan  9 18:36:52 2023
26, 21, 23, Mon Jan  9 18:37:52 2023
13, 17, 11, Mon Jan  9 18:38:52 2023
18, 23, 18, Mon Jan  9 18:39:52 2023
15, 16, 15, Mon Jan  9 18:40:52 2023
12, 14, 12, Mon Jan  9 18:41:52 2023
17, 19, 16, Mon Jan  9 18:42:52 2023
18, 17, 13, Mon Jan  9 18:43:52 2023
16, 16, 18, Mon Jan  9 18:44:52 2023
13, 21, 20, Mon Jan  9 18:45:52 2023
18, 18, 19, Mon Jan  9 18:46:52 2023
11, 15, 16, Mon Jan  9 18:47:52 2023
16, 18, 17, Mon Jan  9 18:48:52 2023
14, 21, 18, Mon Jan  9 18:49:52 2023
22, 19, 17, Mon Jan  9 18:50:52 2023
20, 20, 23, Mon Jan  9 18:51:52 2023
8, 12, 11, Mon Jan  9 18:52:52 2023

8, 12, 11, Mon Jan  9 18:52:52 2023

11, 12, 14, Mon Jan  9 18:53:52 2023
21, 23, 19, Mon Jan  9 18:54:52 2023
15, 19, 19, Mon Jan  9 18:55:52 2023
13, 14, 16, Mon Jan  9 18:56:52 2023
18, 18, 20, Mon Jan  9 18:57:52 2023
12, 16, 15, Mon Jan  9 18:58:52 2023
21, 19, 18, Mon Jan  9 18:59:52 2023
14, 14, 16, Mon Jan  9 19:00:52 2023
15, 19, 17, Mon Jan  9 19:01:52 2023
24, 20, 23, Mon Jan  9 19:02:52 2023
13, 17, 15, Mon Jan  9 19:03:52 2023
16, 17, 16, Mon Jan  9 19:04:52 2023
25, 25, 23, Mon Jan  9 19:05:52 2023
13, 13, 16, Mon Jan  9 19:06:52 2023
23, 26, 29, Mon Jan  9 19:07:52 2023
22, 24, 23, Mon Jan  9 19:08:52 2023
14, 20, 21, Mon Jan  9 19:09:52 2023
21, 18, 21, Mon Jan  9 19:10:52 2023
15, 15, 14, Mon Jan  9 19:11:52 2023
11, 11, 14, Mon Jan  9 19:12:52 2023
14, 14, 15, Mon Jan  9 19:13:52 2023
21, 32, 23, Mon Jan  9 19:14:52 2023
17, 22, 27, Mon Jan  9 19:15:52 2023
13, 18, 22, Mon Jan  9 19:16:52 2023
19, 20, 19, Mon Jan  9 19:17:52 2023
26, 26, 24, Mon Jan  9 19:18:52 2023
17, 23, 25, Mon Jan  9 19:19:52 2023
20, 19, 21, Mon Jan  9 19:20:52 2023
19, 22, 19, Mon Jan  9 19:21:52 2023
14, 18, 19, Mon Jan  9 19:22:52 2023
26, 27, 22, Mon Jan  9 19:23:52 2023
18, 25, 26, Mon Jan  9 19:24:52 2023
21, 22, 19, Mon Jan  9 19:25:52 2023
20, 18, 21, Mon Jan  9 19:26:52 2023
16, 22, 20, Mon Jan  9 19:27:52 2023
16, 15, 21, Mon Jan  9 19:28:52 2023
9, 14, 6, Mon Jan  9 19:29:52 2023
3
9, 14, 6, Mon Jan  9 19:29:52 2023
3
24, 27, 27, Mon Jan  9 19:30:52 2023
14, 16, 12, Mon Jan  9 19:31:52 2023
17, 19, 19, Mon Jan  9 19:32:52 2023
16, 13, 14, Mon Jan  9 19:33:52 2023
22, 25, 21, Mon Jan  9 19:34:52 2023
20, 20, 22, Mon Jan  9 19:35:52 2023
13, 14, 15, Mon Jan  9 19:36:52 2023
10, 12, 15, Mon Jan  9 19:37:52 2023
10, 14, 16, Mon Jan  9 19:38:52 2023
16, 14, 13, Mon Jan  9 19:39:52 2023
21, 19, 16, Mon Jan  9 19:40:52 2023
11, 18, 12, Mon Jan  9 19:41:52 2023
10, 11, 15, Mon Jan  9 19:42:52 2023
15, 11, 12, Mon Jan  9 19:43:52 2023
10, 11, 14, Mon Jan  9 19:44:52 2023
8, 5, 10, Mon Jan  9 19:45:52 2023
3
8, 5, 10, Mon Jan  9 19:45:52 2023
3
22, 22, 22, Mon Jan  9 19:46:52 2023
24, 22, 24, Mon Jan  9 19:47:52 2023
16, 17, 17, Mon Jan  9 19:48:52 2023
15, 15, 20, Mon Jan  9 19:49:52 2023
18, 24, 21, Mon Jan  9 19:50:52 2023
10, 14, 15, Mon Jan  9 19:51:52 2023
17, 17, 19, Mon Jan  9 19:52:52 2023
19, 22, 18, Mon Jan  9 19:53:52 2023
9, 12, 12, Mon Jan  9 19:54:52 2023

9, 12, 12, Mon Jan  9 19:54:52 2023

19, 19, 18, Mon Jan  9 19:55:52 2023
22, 25, 24, Mon Jan  9 19:56:52 2023
11, 10, 12, Mon Jan  9 19:57:52 2023
20, 26, 20, Mon Jan  9 19:58:52 2023
17, 16, 16, Mon Jan  9 19:59:52 2023
16, 19, 18, Mon Jan  9 20:00:52 2023
19, 19, 16, Mon Jan  9 20:01:52 2023
16, 18, 18, Mon Jan  9 20:02:52 2023
13, 15, 13, Mon Jan  9 20:03:52 2023
16, 21, 21, Mon Jan  9 20:04:52 2023
15, 14, 13, Mon Jan  9 20:05:52 2023
13, 12, 13, Mon Jan  9 20:06:52 2023
20, 21, 18, Mon Jan  9 20:07:52 2023
15, 16, 14, Mon Jan  9 20:08:52 2023
16, 17, 15, Mon Jan  9 20:09:52 2023
14, 16, 19, Mon Jan  9 20:10:52 2023
21, 20, 21, Mon Jan  9 20:11:52 2023
21, 22, 18, Mon Jan  9 20:12:52 2023
16, 18, 19, Mon Jan  9 20:13:52 2023
15, 15, 14, Mon Jan  9 20:14:52 2023
14, 18, 23, Mon Jan  9 20:15:52 2023
22, 26, 22, Mon Jan  9 20:16:52 2023
24, 26, 29, Mon Jan  9 20:17:52 2023
11, 12, 11, Mon Jan  9 20:18:52 2023
20, 20, 18, Mon Jan  9 20:19:52 2023
16, 17, 15, Mon Jan  9 20:20:52 2023
13, 19, 17, Mon Jan  9 20:21:52 2023
18, 15, 19, Mon Jan  9 20:22:52 2023
16, 19, 15, Mon Jan  9 20:23:52 2023
15, 12, 15, Mon Jan  9 20:24:52 2023
14, 13, 14, Mon Jan  9 20:25:52 2023
15, 19, 16, Mon Jan  9 20:26:52 2023
17, 18, 19, Mon Jan  9 20:27:52 2023
16, 17, 14, Mon Jan  9 20:28:52 2023
11, 12, 10, Mon Jan  9 20:29:52 2023
18, 18, 16, Mon Jan  9 20:30:52 2023
23, 27, 25, Mon Jan  9 20:31:52 2023
20, 18, 17, Mon Jan  9 20:32:52 2023
16, 19, 16, Mon Jan  9 20:33:52 2023
17, 21, 13, Mon Jan  9 20:34:52 2023
16, 16, 22, Mon Jan  9 20:35:52 2023
16, 19, 16, Mon Jan  9 20:36:52 2023
15, 19, 15, Mon Jan  9 20:37:52 2023
16, 17, 20, Mon Jan  9 20:38:52 2023
12, 18, 10, Mon Jan  9 20:39:52 2023
11, 15, 13, Mon Jan  9 20:40:52 2023
14, 18, 12, Mon Jan  9 20:41:52 2023
19, 22, 23, Mon Jan  9 20:42:52 2023
14, 19, 13, Mon Jan  9 20:43:52 2023
24, 20, 20, Mon Jan  9 20:44:52 2023
14, 15, 18, Mon Jan  9 20:45:52 2023
17, 15, 19, Mon Jan  9 20:46:52 2023
26, 22, 21, Mon Jan  9 20:47:52 2023
20, 22, 19, Mon Jan  9 20:48:52 2023
22, 16, 20, Mon Jan  9 20:49:52 2023
16, 16, 22, Mon Jan  9 20:50:52 2023
17, 18, 16, Mon Jan  9 20:51:52 2023
11, 14, 13, Mon Jan  9 20:52:52 2023
14, 19, 16, Mon Jan  9 20:53:52 2023
15, 24, 20, Mon Jan  9 20:54:52 2023
17, 19, 20, Mon Jan  9 20:55:52 2023
22, 24, 23, Mon Jan  9 20:56:52 2023
20, 22, 19, Mon Jan  9 20:57:52 2023
14, 13, 16, Mon Jan  9 20:58:52 2023
14, 12, 9, Mon Jan  9 20:59:52 2023

14, 12, 9, Mon Jan  9 20:59:52 2023

15, 15, 16, Mon Jan  9 21:00:52 2023
15, 19, 17, Mon Jan  9 21:01:52 2023
9, 11, 8, Mon Jan  9 21:02:52 2023
3
9, 11, 8, Mon Jan  9 21:02:52 2023
3
14, 20, 18, Mon Jan  9 21:03:52 2023
17, 18, 17, Mon Jan  9 21:04:52 2023
20, 21, 17, Mon Jan  9 21:05:52 2023
15, 14, 14, Mon Jan  9 21:06:52 2023
20, 19, 21, Mon Jan  9 21:07:52 2023
20, 15, 15, Mon Jan  9 21:08:52 2023
27, 27, 25, Mon Jan  9 21:09:52 2023
16, 18, 23, Mon Jan  9 21:10:52 2023
19, 13, 16, Mon Jan  9 21:11:52 2023
19, 21, 20, Mon Jan  9 21:12:52 2023
14, 19, 15, Mon Jan  9 21:13:52 2023
17, 18, 20, Mon Jan  9 21:14:52 2023
13, 15, 19, Mon Jan  9 21:15:52 2023
23, 27, 21, Mon Jan  9 21:16:52 2023
13, 15, 12, Mon Jan  9 21:17:52 2023
15, 17, 23, Mon Jan  9 21:18:52 2023
23, 20, 20, Mon Jan  9 21:19:52 2023
17, 16, 17, Mon Jan  9 21:20:52 2023
19, 19, 19, Mon Jan  9 21:21:52 2023
13, 11, 14, Mon Jan  9 21:22:52 2023
15, 14, 19, Mon Jan  9 21:23:52 2023
12, 11, 14, Mon Jan  9 21:24:52 2023
13, 13, 13, Mon Jan  9 21:25:52 2023
15, 15, 17, Mon Jan  9 21:26:52 2023
14, 19, 14, Mon Jan  9 21:27:52 2023
19, 26, 22, Mon Jan  9 21:28:52 2023
15, 14, 13, Mon Jan  9 21:29:52 2023
15, 21, 16, Mon Jan  9 21:30:52 2023
13, 11, 10, Mon Jan  9 21:31:52 2023
12, 14, 13, Mon Jan  9 21:32:52 2023
13, 14, 13, Mon Jan  9 21:33:52 2023
15, 17, 16, Mon Jan  9 21:34:52 2023
16, 20, 15, Mon Jan  9 21:35:52 2023
17, 21, 18, Mon Jan  9 21:36:52 2023
11, 15, 13, Mon Jan  9 21:37:52 2023
18, 20, 19, Mon Jan  9 21:38:52 2023
15, 14, 13, Mon Jan  9 21:39:52 2023
14, 18, 13, Mon Jan  9 21:40:52 2023
12, 16, 19, Mon Jan  9 21:41:52 2023
16, 19, 18, Mon Jan  9 21:42:52 2023
15, 17, 19, Mon Jan  9 21:43:52 2023
15, 16, 15, Mon Jan  9 21:44:52 2023
11, 13, 14, Mon Jan  9 21:45:52 2023
13, 17, 20, Mon Jan  9 21:46:52 2023
17, 19, 21, Mon Jan  9 21:47:52 2023
17, 15, 18, Mon Jan  9 21:48:52 2023
21, 25, 23, Mon Jan  9 21:49:52 2023
20, 20, 20, Mon Jan  9 21:50:52 2023
17, 14, 10, Mon Jan  9 21:51:52 2023
16, 24, 19, Mon Jan  9 21:52:52 2023
24, 25, 22, Mon Jan  9 21:53:52 2023
13, 19, 15, Mon Jan  9 21:54:52 2023
15, 22, 16, Mon Jan  9 21:55:52 2023
23, 25, 22, Mon Jan  9 21:56:52 2023
14, 16, 11, Mon Jan  9 21:57:52 2023
9, 14, 12, Mon Jan  9 21:58:52 2023

9, 14, 12, Mon Jan  9 21:58:52 2023

21, 19, 25, Mon Jan  9 21:59:52 2023
14, 18, 13, Mon Jan  9 22:00:52 2023
10, 16, 15, Mon Jan  9 22:01:52 2023
11, 11, 10, Mon Jan  9 22:02:52 2023
17, 17, 19, Mon Jan  9 22:03:52 2023
23, 22, 20, Mon Jan  9 22:04:52 2023
17, 19, 13, Mon Jan  9 22:05:52 2023
22, 22, 21, Mon Jan  9 22:06:52 2023
16, 18, 18, Mon Jan  9 22:07:52 2023
13, 17, 17, Mon Jan  9 22:08:52 2023
25, 28, 27, Mon Jan  9 22:09:52 2023
18, 23, 17, Mon Jan  9 22:10:52 2023
25, 35, 25, Mon Jan  9 22:11:52 2023
22, 22, 22, Mon Jan  9 22:12:52 2023
22, 24, 25, Mon Jan  9 22:13:52 2023
19, 22, 18, Mon Jan  9 22:14:52 2023
22, 19, 21, Mon Jan  9 22:15:52 2023
14, 13, 13, Mon Jan  9 22:16:52 2023
19, 24, 20, Mon Jan  9 22:17:52 2023
12, 14, 11, Mon Jan  9 22:18:52 2023
9, 18, 10, Mon Jan  9 22:19:52 2023

9, 18, 10, Mon Jan  9 22:19:52 2023

20, 20, 15, Mon Jan  9 22:20:52 2023
18, 20, 18, Mon Jan  9 22:21:52 2023
19, 21, 21, Mon Jan  9 22:22:52 2023
20, 20, 22, Mon Jan  9 22:23:52 2023
17, 18, 13, Mon Jan  9 22:24:52 2023
18, 20, 24, Mon Jan  9 22:25:52 2023
19, 25, 23, Mon Jan  9 22:26:52 2023
18, 14, 13, Mon Jan  9 22:27:52 2023
16, 18, 19, Mon Jan  9 22:28:52 2023
10, 17, 14, Mon Jan  9 22:29:52 2023
21, 21, 21, Mon Jan  9 22:30:52 2023
8, 15, 10, Mon Jan  9 22:31:52 2023

8, 15, 10, Mon Jan  9 22:31:52 2023

20, 19, 19, Mon Jan  9 22:32:52 2023
11, 16, 13, Mon Jan  9 22:33:52 2023
22, 27, 24, Mon Jan  9 22:34:52 2023
16, 20, 15, Mon Jan  9 22:35:52 2023
17, 21, 21, Mon Jan  9 22:36:52 2023
22, 17, 22, Mon Jan  9 22:37:52 2023
24, 21, 22, Mon Jan  9 22:38:52 2023
15, 19, 17, Mon Jan  9 22:39:52 2023
18, 22, 20, Mon Jan  9 22:40:52 2023
13, 14, 15, Mon Jan  9 22:41:52 2023
14, 14, 14, Mon Jan  9 22:42:52 2023
16, 19, 18, Mon Jan  9 22:43:52 2023
23, 17, 22, Mon Jan  9 22:44:52 2023
14, 15, 16, Mon Jan  9 22:45:52 2023
13, 14, 15, Mon Jan  9 22:46:52 2023
8, 12, 10, Mon Jan  9 22:47:52 2023

8, 12, 10, Mon Jan  9 22:47:52 2023

17, 19, 20, Mon Jan  9 22:48:52 2023
21, 19, 22, Mon Jan  9 22:49:52 2023
19, 17, 16, Mon Jan  9 22:50:52 2023
12, 19, 15, Mon Jan  9 22:51:52 2023
23, 25, 20, Mon Jan  9 22:52:52 2023
20, 15, 19, Mon Jan  9 22:53:52 2023
17, 20, 19, Mon Jan  9 22:54:52 2023
12, 21, 21, Mon Jan  9 22:55:52 2023
22, 17, 15, Mon Jan  9 22:56:52 2023
18, 22, 16, Mon Jan  9 22:57:52 2023
16, 18, 16, Mon Jan  9 22:58:52 2023
13, 18, 10, Mon Jan  9 22:59:52 2023
10, 16, 14, Mon Jan  9 23:00:52 2023
18, 18, 17, Mon Jan  9 23:01:52 2023
18, 19, 22, Mon Jan  9 23:02:52 2023
17, 17, 22, Mon Jan  9 23:03:52 2023
19, 21, 17, Mon Jan  9 23:04:52 2023
20, 19, 22, Mon Jan  9 23:05:52 2023
18, 21, 15, Mon Jan  9 23:06:52 2023
14, 16, 12, Mon Jan  9 23:07:52 2023
17, 21, 19, Mon Jan  9 23:08:52 2023
17, 23, 16, Mon Jan  9 23:09:52 2023
16, 25, 14, Mon Jan  9 23:10:52 2023
10, 14, 9, Mon Jan  9 23:11:52 2023

10, 14, 9, Mon Jan  9 23:11:52 2023

14, 13, 16, Mon Jan  9 23:12:52 2023
18, 18, 19, Mon Jan  9 23:13:52 2023
15, 14, 15, Mon Jan  9 23:14:52 2023
13, 15, 22, Mon Jan  9 23:15:52 2023
8, 11, 11, Mon Jan  9 23:16:52 2023

8, 11, 11, Mon Jan  9 23:16:52 2023

20, 22, 18, Mon Jan  9 23:17:52 2023
16, 21, 23, Mon Jan  9 23:18:52 2023
14, 15, 15, Mon Jan  9 23:19:52 2023
20, 23, 19, Mon Jan  9 23:20:52 2023
25, 17, 16, Mon Jan  9 23:21:52 2023
11, 12, 13, Mon Jan  9 23:22:52 2023
16, 17, 16, Mon Jan  9 23:23:52 2023
19, 16, 16, Mon Jan  9 23:24:52 2023
15, 20, 19, Mon Jan  9 23:25:52 2023
15, 18, 19, Mon Jan  9 23:26:52 2023
15, 16, 14, Mon Jan  9 23:27:52 2023
21, 19, 21, Mon Jan  9 23:28:52 2023
18, 24, 19, Mon Jan  9 23:29:52 2023
17, 15, 14, Mon Jan  9 23:30:52 2023
15, 15, 14, Mon Jan  9 23:31:52 2023
13, 16, 14, Mon Jan  9 23:32:52 2023
20, 18, 25, Mon Jan  9 23:33:52 2023
16, 21, 18, Mon Jan  9 23:34:52 2023
17, 23, 19, Mon Jan  9 23:35:52 2023
16, 21, 18, Mon Jan  9 23:36:52 2023
13, 14, 18, Mon Jan  9 23:37:52 2023
15, 13, 9, Mon Jan  9 23:38:52 2023

15, 13, 9, Mon Jan  9 23:38:52 2023

17, 20, 20, Mon Jan  9 23:39:52 2023
14, 15, 16, Mon Jan  9 23:40:52 2023
15, 18, 13, Mon Jan  9 23:41:52 2023
10, 12, 8, Mon Jan  9 23:42:52 2023

10, 12, 8, Mon Jan  9 23:42:52 2023

20, 11, 17, Mon Jan  9 23:43:52 2023
16, 21, 23, Mon Jan  9 23:44:52 2023
10, 14, 12, Mon Jan  9 23:45:52 2023
16, 20, 14, Mon Jan  9 23:46:52 2023
17, 16, 16, Mon Jan  9 23:47:52 2023
15, 17, 19, Mon Jan  9 23:48:52 2023
12, 16, 11, Mon Jan  9 23:49:52 2023
19, 18, 16, Mon Jan  9 23:50:52 2023
18, 18, 14, Mon Jan  9 23:51:52 2023
20, 18, 21, Mon Jan  9 23:52:52 2023
14, 14, 15, Mon Jan  9 23:53:52 2023
19, 22, 22, Mon Jan  9 23:54:52 2023
13, 19, 17, Mon Jan  9 23:55:52 2023
16, 18, 17, Mon Jan  9 23:56:52 2023
16, 18, 19, Mon Jan  9 23:57:52 2023
18, 26, 18, Mon Jan  9 23:58:52 2023
20, 18, 16, Mon Jan  9 23:59:52 2023
21, 23, 22, Tue Jan 10 00:00:52 2023
16, 14, 17, Tue Jan 10 00:01:52 2023
17, 20, 17, Tue Jan 10 00:02:52 2023
17, 17, 16, Tue Jan 10 00:03:52 2023
16, 19, 16, Tue Jan 10 00:04:52 2023
32, 31, 30, Tue Jan 10 00:05:52 2023
21, 26, 23, Tue Jan 10 00:06:52 2023
20, 21, 15, Tue Jan 10 00:07:52 2023
16, 15, 14, Tue Jan 10 00:08:52 2023
20, 18, 17, Tue Jan 10 00:09:52 2023
17, 23, 22, Tue Jan 10 00:10:52 2023
11, 10, 17, Tue Jan 10 00:11:52 2023
17, 18, 16, Tue Jan 10 00:12:52 2023
18, 25, 21, Tue Jan 10 00:13:52 2023
18, 16, 17, Tue Jan 10 00:14:52 2023
15, 19, 14, Tue Jan 10 00:15:52 2023
20, 18, 22, Tue Jan 10 00:16:52 2023
15, 19, 18, Tue Jan 10 00:17:52 2023
15, 23, 19, Tue Jan 10 00:18:52 2023
22, 24, 18, Tue Jan 10 00:19:52 2023
19, 17, 19, Tue Jan 10 00:20:52 2023
14, 13, 17, Tue Jan 10 00:21:52 2023
13, 20, 14, Tue Jan 10 00:22:52 2023
13, 15, 13, Tue Jan 10 00:23:52 2023
18, 20, 17, Tue Jan 10 00:24:52 2023
19, 23, 22, Tue Jan 10 00:25:52 2023
17, 15, 21, Tue Jan 10 00:26:52 2023
10, 10, 9, Tue Jan 10 00:27:52 2023

10, 10, 9, Tue Jan 10 00:27:52 2023

17, 20, 17, Tue Jan 10 00:28:52 2023
17, 22, 19, Tue Jan 10 00:29:52 2023
14, 18, 16, Tue Jan 10 00:30:52 2023
20, 22, 21, Tue Jan 10 00:31:52 2023
21, 17, 22, Tue Jan 10 00:32:52 2023
15, 23, 14, Tue Jan 10 00:33:52 2023
18, 18, 19, Tue Jan 10 00:34:52 2023
22, 24, 20, Tue Jan 10 00:35:52 2023
15, 22, 16, Tue Jan 10 00:36:52 2023
14, 17, 15, Tue Jan 10 00:37:52 2023
16, 20, 16, Tue Jan 10 00:38:52 2023
15, 20, 14, Tue Jan 10 00:39:52 2023
16, 21, 19, Tue Jan 10 00:40:52 2023
8, 11, 11, Tue Jan 10 00:41:52 2023

8, 11, 11, Tue Jan 10 00:41:52 2023

9, 8, 9, Tue Jan 10 00:42:52 2023
3

9, 8, 9, Tue Jan 10 00:42:52 2023
3

14, 18, 18, Tue Jan 10 00:43:52 2023
19, 15, 14, Tue Jan 10 00:44:52 2023
18, 21, 19, Tue Jan 10 00:45:52 2023
19, 16, 19, Tue Jan 10 00:46:52 2023
10, 9, 6, Tue Jan 10 00:47:52 2023
3
10, 9, 6, Tue Jan 10 00:47:52 2023
3
23, 28, 29, Tue Jan 10 00:48:52 2023
15, 16, 16, Tue Jan 10 00:49:52 2023
17, 16, 17, Tue Jan 10 00:50:52 2023
13, 18, 14, Tue Jan 10 00:51:52 2023
15, 20, 17, Tue Jan 10 00:52:52 2023
11, 16, 14, Tue Jan 10 00:53:52 2023
14, 15, 22, Tue Jan 10 00:54:52 2023
17, 14, 17, Tue Jan 10 00:55:52 2023
14, 14, 17, Tue Jan 10 00:56:52 2023
18, 23, 20, Tue Jan 10 00:57:52 2023
19, 24, 25, Tue Jan 10 00:58:52 2023
22, 23, 23, Tue Jan 10 00:59:52 2023
19, 21, 17, Tue Jan 10 01:00:52 2023
14, 20, 19, Tue Jan 10 01:01:52 2023
32, 33, 29, Tue Jan 10 01:02:52 2023
15, 17, 18, Tue Jan 10 01:03:52 2023
13, 13, 12, Tue Jan 10 01:04:52 2023
14, 17, 16, Tue Jan 10 01:05:52 2023
17, 18, 19, Tue Jan 10 01:06:52 2023
13, 17, 16, Tue Jan 10 01:07:52 2023
13, 18, 18, Tue Jan 10 01:08:52 2023
20, 22, 22, Tue Jan 10 01:09:52 2023
16, 18, 16, Tue Jan 10 01:10:52 2023
23, 28, 18, Tue Jan 10 01:11:52 2023
16, 14, 15, Tue Jan 10 01:12:52 2023
10, 19, 14, Tue Jan 10 01:13:52 2023
18, 18, 21, Tue Jan 10 01:14:52 2023
20, 21, 20, Tue Jan 10 01:15:52 2023
27, 19, 22, Tue Jan 10 01:16:52 2023
11, 17, 17, Tue Jan 10 01:17:52 2023
18, 13, 16, Tue Jan 10 01:18:52 2023
19, 24, 22, Tue Jan 10 01:19:52 2023
14, 26, 23, Tue Jan 10 01:20:52 2023
18, 25, 17, Tue Jan 10 01:21:52 2023
16, 16, 14, Tue Jan 10 01:22:52 2023
14, 17, 14, Tue Jan 10 01:23:52 2023
19, 17, 21, Tue Jan 10 01:24:52 2023
20, 21, 20, Tue Jan 10 01:25:52 2023
12, 14, 14, Tue Jan 10 01:26:52 2023
16, 15, 13, Tue Jan 10 01:27:52 2023
19, 16, 21, Tue Jan 10 01:28:52 2023
14, 14, 14, Tue Jan 10 01:29:52 2023
19, 25, 21, Tue Jan 10 01:30:52 2023
21, 21, 18, Tue Jan 10 01:31:52 2023
10, 17, 13, Tue Jan 10 01:32:52 2023
12, 16, 16, Tue Jan 10 01:33:52 2023
20, 14, 11, Tue Jan 10 01:34:52 2023
16, 21, 13, Tue Jan 10 01:35:52 2023
12, 15, 15, Tue Jan 10 01:36:52 2023
15, 12, 14, Tue Jan 10 01:37:52 2023
18, 16, 14, Tue Jan 10 01:38:52 2023
19, 18, 19, Tue Jan 10 01:39:52 2023
22, 21, 21, Tue Jan 10 01:40:52 2023
13, 14, 14, Tue Jan 10 01:41:52 2023
16, 17, 13, Tue Jan 10 01:42:52 2023
18, 17, 15, Tue Jan 10 01:43:52 2023
18, 18, 16, Tue Jan 10 01:44:52 2023
14, 17, 19, Tue Jan 10 01:45:52 2023
16, 14, 18, Tue Jan 10 01:46:52 2023
18, 16, 15, Tue Jan 10 01:47:52 2023
17, 20, 15, Tue Jan 10 01:48:52 2023
13, 13, 14, Tue Jan 10 01:49:52 2023
6, 13, 6, Tue Jan 10 01:50:52 2023
3
6, 13, 6, Tue Jan 10 01:50:52 2023
3
22, 22, 23, Tue Jan 10 01:51:52 2023
22, 17, 22, Tue Jan 10 01:52:52 2023
14, 16, 12, Tue Jan 10 01:53:52 2023
13, 12, 13, Tue Jan 10 01:54:52 2023
19, 17, 17, Tue Jan 10 01:55:52 2023
10, 22, 13, Tue Jan 10 01:56:52 2023
13, 10, 12, Tue Jan 10 01:57:52 2023
19, 18, 17, Tue Jan 10 01:58:52 2023
24, 20, 22, Tue Jan 10 01:59:52 2023
25, 26, 27, Tue Jan 10 02:00:52 2023
24, 27, 21, Tue Jan 10 02:01:52 2023
16, 17, 16, Tue Jan 10 02:02:52 2023
16, 17, 20, Tue Jan 10 02:03:52 2023
17, 23, 20, Tue Jan 10 02:04:52 2023
13, 15, 16, Tue Jan 10 02:05:52 2023
14, 15, 19, Tue Jan 10 02:06:52 2023
18, 18, 17, Tue Jan 10 02:07:52 2023
20, 29, 21, Tue Jan 10 02:08:52 2023
22, 20, 20, Tue Jan 10 02:09:52 2023
26, 22, 20, Tue Jan 10 02:10:52 2023
27, 25, 23, Tue Jan 10 02:11:52 2023
15, 16, 16, Tue Jan 10 02:12:52 2023
16, 20, 20, Tue Jan 10 02:13:52 2023
21, 20, 18, Tue Jan 10 02:14:52 2023
20, 18, 22, Tue Jan 10 02:15:52 2023
15, 18, 18, Tue Jan 10 02:16:52 2023
11, 15, 14, Tue Jan 10 02:17:52 2023
8, 11, 12, Tue Jan 10 02:18:52 2023

8, 11, 12, Tue Jan 10 02:18:52 2023

14, 19, 13, Tue Jan 10 02:19:52 2023
14, 12, 17, Tue Jan 10 02:20:52 2023
14, 19, 14, Tue Jan 10 02:21:52 2023
15, 20, 16, Tue Jan 10 02:22:52 2023
19, 23, 20, Tue Jan 10 02:23:52 2023
15, 11, 13, Tue Jan 10 02:24:52 2023
18, 16, 20, Tue Jan 10 02:25:52 2023
10, 11, 13, Tue Jan 10 02:26:52 2023
26, 21, 19, Tue Jan 10 02:27:52 2023
11, 13, 11, Tue Jan 10 02:28:52 2023
21, 20, 19, Tue Jan 10 02:29:52 2023
22, 24, 22, Tue Jan 10 02:30:52 2023
21, 22, 16, Tue Jan 10 02:31:52 2023
16, 16, 19, Tue Jan 10 02:32:52 2023
7, 10, 12, Tue Jan 10 02:33:52 2023

7, 10, 12, Tue Jan 10 02:33:52 2023

17, 19, 17, Tue Jan 10 02:34:52 2023
13, 17, 16, Tue Jan 10 02:35:52 2023
10, 16, 15, Tue Jan 10 02:36:52 2023
16, 20, 16, Tue Jan 10 02:37:52 2023
17, 21, 22, Tue Jan 10 02:38:52 2023
28, 32, 28, Tue Jan 10 02:39:52 2023
25, 28, 19, Tue Jan 10 02:40:52 2023
19, 18, 18, Tue Jan 10 02:41:52 2023
15, 17, 18, Tue Jan 10 02:42:52 2023
8, 9, 9, Tue Jan 10 02:43:52 2023
23
8, 9, 9, Tue Jan 10 02:43:52 2023
23
17, 18, 15, Tue Jan 10 02:44:52 2023
14, 16, 17, Tue Jan 10 02:45:52 2023
9, 17, 11, Tue Jan 10 02:46:52 2023

9, 17, 11, Tue Jan 10 02:46:52 2023

18, 16, 15, Tue Jan 10 02:47:52 2023
11, 12, 11, Tue Jan 10 02:48:52 2023
9, 18, 10, Tue Jan 10 02:49:52 2023

9, 18, 10, Tue Jan 10 02:49:52 2023

13, 12, 10, Tue Jan 10 02:50:52 2023
14, 14, 19, Tue Jan 10 02:51:52 2023
19, 21, 23, Tue Jan 10 02:52:52 2023
13, 14, 15, Tue Jan 10 02:53:52 2023
26, 25, 22, Tue Jan 10 02:54:52 2023
19, 25, 23, Tue Jan 10 02:55:52 2023
15, 14, 15, Tue Jan 10 02:56:52 2023
18, 19, 24, Tue Jan 10 02:57:52 2023
23, 21, 23, Tue Jan 10 02:58:52 2023
15, 13, 16, Tue Jan 10 02:59:52 2023
15, 18, 12, Tue Jan 10 03:00:52 2023
24, 22, 19, Tue Jan 10 03:01:52 2023
22, 21, 20, Tue Jan 10 03:02:52 2023
29, 28, 26, Tue Jan 10 03:03:52 2023
20, 22, 16, Tue Jan 10 03:04:52 2023
20, 19, 19, Tue Jan 10 03:05:52 2023
19, 24, 18, Tue Jan 10 03:06:52 2023
14, 22, 15, Tue Jan 10 03:07:52 2023
18, 20, 18, Tue Jan 10 03:08:52 2023
18, 21, 20, Tue Jan 10 03:09:52 2023
23, 24, 21, Tue Jan 10 03:10:52 2023
10, 15, 9, Tue Jan 10 03:11:52 2023

10, 15, 9, Tue Jan 10 03:11:52 2023

19, 24, 21, Tue Jan 10 03:12:52 2023
18, 21, 22, Tue Jan 10 03:13:52 2023
11, 16, 10, Tue Jan 10 03:14:52 2023
15, 17, 13, Tue Jan 10 03:15:52 2023
13, 16, 14, Tue Jan 10 03:16:52 2023
14, 13, 13, Tue Jan 10 03:17:52 2023
19, 21, 16, Tue Jan 10 03:18:52 2023
17, 16, 23, Tue Jan 10 03:19:52 2023
24, 26, 17, Tue Jan 10 03:20:52 2023
18, 18, 18, Tue Jan 10 03:21:52 2023
14, 20, 17, Tue Jan 10 03:22:52 2023
17, 16, 11, Tue Jan 10 03:23:52 2023
17, 23, 16, Tue Jan 10 03:24:52 2023
23, 22, 27, Tue Jan 10 03:25:52 2023
17, 18, 16, Tue Jan 10 03:26:52 2023
19, 21, 23, Tue Jan 10 03:27:52 2023
18, 19, 20, Tue Jan 10 03:28:52 2023
20, 20, 20, Tue Jan 10 03:29:52 2023
18, 14, 20, Tue Jan 10 03:30:52 2023
26, 26, 23, Tue Jan 10 03:31:52 2023
15, 20, 18, Tue Jan 10 03:32:52 2023
14, 22, 18, Tue Jan 10 03:33:52 2023
25, 32, 30, Tue Jan 10 03:34:52 2023
12, 12, 13, Tue Jan 10 03:35:52 2023
16, 22, 17, Tue Jan 10 03:36:52 2023
16, 22, 16, Tue Jan 10 03:37:52 2023
23, 23, 22, Tue Jan 10 03:38:52 2023
18, 17, 19, Tue Jan 10 03:39:52 2023
12, 12, 13, Tue Jan 10 03:40:52 2023
18, 19, 18, Tue Jan 10 03:41:52 2023
27, 24, 25, Tue Jan 10 03:42:52 2023
17, 20, 18, Tue Jan 10 03:43:52 2023
16, 15, 15, Tue Jan 10 03:44:52 2023
24, 22, 20, Tue Jan 10 03:45:52 2023
19, 18, 19, Tue Jan 10 03:46:52 2023
20, 23, 16, Tue Jan 10 03:47:52 2023
15, 14, 15, Tue Jan 10 03:48:52 2023
15, 15, 12, Tue Jan 10 03:49:52 2023
10, 10, 18, Tue Jan 10 03:50:52 2023
24, 24, 29, Tue Jan 10 03:51:52 2023
19, 28, 19, Tue Jan 10 03:52:52 2023
22, 22, 24, Tue Jan 10 03:53:52 2023
17, 16, 18, Tue Jan 10 03:54:52 2023
15, 17, 17, Tue Jan 10 03:55:52 2023
15, 14, 18, Tue Jan 10 03:56:52 2023
15, 13, 11, Tue Jan 10 03:57:52 2023
12, 16, 16, Tue Jan 10 03:58:52 2023
18, 19, 21, Tue Jan 10 03:59:52 2023
20, 26, 22, Tue Jan 10 04:00:52 2023
14, 12, 12, Tue Jan 10 04:01:52 2023
19, 22, 19, Tue Jan 10 04:02:52 2023
23, 29, 23, Tue Jan 10 04:03:52 2023
19, 19, 18, Tue Jan 10 04:04:52 2023
18, 20, 19, Tue Jan 10 04:05:52 2023
14, 17, 9, Tue Jan 10 04:06:52 2023

14, 17, 9, Tue Jan 10 04:06:52 2023

16, 17, 13, Tue Jan 10 04:07:52 2023
23, 16, 23, Tue Jan 10 04:08:52 2023
21, 23, 22, Tue Jan 10 04:09:52 2023
16, 11, 18, Tue Jan 10 04:10:52 2023
19, 20, 17, Tue Jan 10 04:11:52 2023
7, 11, 9, Tue Jan 10 04:12:52 2023
3
7, 11, 9, Tue Jan 10 04:12:52 2023
3
14, 16, 17, Tue Jan 10 04:13:52 2023
16, 19, 15, Tue Jan 10 04:14:52 2023
14, 19, 18, Tue Jan 10 04:15:52 2023
14, 15, 13, Tue Jan 10 04:16:52 2023
15, 22, 23, Tue Jan 10 04:17:52 2023
15, 21, 18, Tue Jan 10 04:18:52 2023
18, 18, 15, Tue Jan 10 04:19:52 2023
9, 7, 7, Tue Jan 10 04:20:52 2023
23
9, 7, 7, Tue Jan 10 04:20:52 2023
23
18, 16, 18, Tue Jan 10 04:21:52 2023
14, 16, 19, Tue Jan 10 04:22:52 2023
18, 19, 17, Tue Jan 10 04:23:52 2023
30, 30, 27, Tue Jan 10 04:24:52 2023
13, 13, 15, Tue Jan 10 04:25:52 2023
13, 18, 14, Tue Jan 10 04:26:52 2023
15, 19, 18, Tue Jan 10 04:27:52 2023
19, 21, 18, Tue Jan 10 04:28:52 2023
21, 19, 19, Tue Jan 10 04:29:52 2023
16, 16, 14, Tue Jan 10 04:30:52 2023
19, 18, 21, Tue Jan 10 04:31:52 2023
15, 18, 18, Tue Jan 10 04:32:52 2023
20, 20, 18, Tue Jan 10 04:33:52 2023
18, 14, 18, Tue Jan 10 04:34:52 2023
21, 23, 21, Tue Jan 10 04:35:52 2023
19, 23, 21, Tue Jan 10 04:36:52 2023
21, 21, 25, Tue Jan 10 04:37:52 2023
22, 26, 28, Tue Jan 10 04:38:52 2023
19, 23, 22, Tue Jan 10 04:39:52 2023
15, 18, 20, Tue Jan 10 04:40:52 2023
20, 21, 19, Tue Jan 10 04:41:52 2023
20, 23, 21, Tue Jan 10 04:42:52 2023
12, 16, 14, Tue Jan 10 04:43:52 2023
18, 23, 24, Tue Jan 10 04:44:52 2023
10, 12, 11, Tue Jan 10 04:45:52 2023
21, 15, 16, Tue Jan 10 04:46:52 2023
18, 16, 13, Tue Jan 10 04:47:52 2023
14, 15, 12, Tue Jan 10 04:48:52 2023
15, 14, 19, Tue Jan 10 04:49:52 2023
25, 25, 20, Tue Jan 10 04:50:52 2023
13, 15, 19, Tue Jan 10 04:51:52 2023
14, 20, 15, Tue Jan 10 04:52:52 2023
18, 18, 22, Tue Jan 10 04:53:52 2023
20, 25, 22, Tue Jan 10 04:54:52 2023
10, 10, 14, Tue Jan 10 04:55:52 2023
18, 13, 13, Tue Jan 10 04:56:52 2023
17, 15, 20, Tue Jan 10 04:57:52 2023
17, 16, 21, Tue Jan 10 04:58:52 2023
14, 11, 11, Tue Jan 10 04:59:52 2023
15, 15, 14, Tue Jan 10 05:00:52 2023
18, 24, 18, Tue Jan 10 05:01:52 2023
18, 21, 13, Tue Jan 10 05:02:52 2023
13, 15, 18, Tue Jan 10 05:03:52 2023
18, 22, 18, Tue Jan 10 05:04:52 2023
10, 8, 6, Tue Jan 10 05:05:52 2023
3
10, 8, 6, Tue Jan 10 05:05:52 2023
3
16, 19, 18, Tue Jan 10 05:06:52 2023
18, 20, 17, Tue Jan 10 05:07:52 2023
17, 16, 20, Tue Jan 10 05:08:52 2023
13, 14, 12, Tue Jan 10 05:09:52 2023
13, 20, 12, Tue Jan 10 05:10:52 2023
18, 26, 16, Tue Jan 10 05:11:52 2023
17, 20, 19, Tue Jan 10 05:12:52 2023
8, 17, 15, Tue Jan 10 05:13:52 2023

8, 17, 15, Tue Jan 10 05:13:52 2023

14, 18, 24, Tue Jan 10 05:14:52 2023
12, 13, 14, Tue Jan 10 05:15:52 2023
11, 14, 13, Tue Jan 10 05:16:52 2023
17, 13, 16, Tue Jan 10 05:17:52 2023
20, 25, 28, Tue Jan 10 05:18:52 2023
16, 18, 19, Tue Jan 10 05:19:52 2023
25, 30, 25, Tue Jan 10 05:20:52 2023
14, 16, 21, Tue Jan 10 05:21:52 2023
21, 25, 21, Tue Jan 10 05:22:52 2023
14, 17, 19, Tue Jan 10 05:23:52 2023
14, 15, 14, Tue Jan 10 05:24:52 2023
20, 24, 19, Tue Jan 10 05:25:52 2023
18, 18, 18, Tue Jan 10 05:26:52 2023
26, 22, 22, Tue Jan 10 05:27:52 2023
19, 19, 17, Tue Jan 10 05:28:52 2023
21, 25, 21, Tue Jan 10 05:29:52 2023
13, 15, 10, Tue Jan 10 05:30:52 2023
13, 12, 10, Tue Jan 10 05:31:52 2023
22, 28, 28, Tue Jan 10 05:32:52 2023
21, 22, 22, Tue Jan 10 05:33:52 2023
22, 22, 20, Tue Jan 10 05:34:52 2023
17, 18, 18, Tue Jan 10 05:35:52 2023
17, 20, 21, Tue Jan 10 05:36:52 2023
15, 22, 14, Tue Jan 10 05:37:52 2023
10, 15, 15, Tue Jan 10 05:38:52 2023
13, 15, 13, Tue Jan 10 05:39:52 2023
26, 27, 28, Tue Jan 10 05:40:52 2023
17, 22, 16, Tue Jan 10 05:41:52 2023
16, 20, 19, Tue Jan 10 05:42:52 2023
15, 22, 19, Tue Jan 10 05:43:52 2023
15, 18, 14, Tue Jan 10 05:44:52 2023
19, 20, 25, Tue Jan 10 05:45:52 2023
20, 18, 16, Tue Jan 10 05:46:52 2023
19, 19, 14, Tue Jan 10 05:47:52 2023
18, 22, 23, Tue Jan 10 05:48:52 2023
13, 17, 11, Tue Jan 10 05:49:52 2023
14, 19, 19, Tue Jan 10 05:50:52 2023
15, 20, 19, Tue Jan 10 05:51:52 2023
13, 20, 21, Tue Jan 10 05:52:52 2023
18, 19, 17, Tue Jan 10 05:53:52 2023
18, 21, 18, Tue Jan 10 05:54:52 2023
13, 16, 11, Tue Jan 10 05:55:52 2023
23, 20, 22, Tue Jan 10 05:56:52 2023
14, 15, 16, Tue Jan 10 05:57:52 2023
23, 24, 18, Tue Jan 10 05:58:52 2023
8, 10, 7, Tue Jan 10 05:59:52 2023
3
8, 10, 7, Tue Jan 10 05:59:52 2023
3
21, 22, 19, Tue Jan 10 06:00:52 2023
18, 17, 23, Tue Jan 10 06:01:52 2023
8, 14, 14, Tue Jan 10 06:02:52 2023

8, 14, 14, Tue Jan 10 06:02:52 2023

20, 21, 21, Tue Jan 10 06:03:52 2023
25, 22, 23, Tue Jan 10 06:04:52 2023
20, 23, 23, Tue Jan 10 06:05:52 2023
16, 16, 20, Tue Jan 10 06:06:52 2023
19, 24, 23, Tue Jan 10 06:07:52 2023
25, 20, 19, Tue Jan 10 06:08:52 2023
22, 19, 17, Tue Jan 10 06:09:52 2023
12, 20, 17, Tue Jan 10 06:10:52 2023
19, 26, 18, Tue Jan 10 06:11:52 2023
24, 21, 21, Tue Jan 10 06:12:52 2023
17, 19, 19, Tue Jan 10 06:13:52 2023
23, 26, 24, Tue Jan 10 06:14:52 2023
22, 23, 23, Tue Jan 10 06:15:52 2023
15, 14, 15, Tue Jan 10 06:16:52 2023
20, 20, 17, Tue Jan 10 06:17:52 2023
17, 23, 17, Tue Jan 10 06:18:52 2023
18, 22, 16, Tue Jan 10 06:19:52 2023
13, 21, 14, Tue Jan 10 06:20:52 2023
16, 23, 16, Tue Jan 10 06:21:52 2023
26, 25, 24, Tue Jan 10 06:22:52 2023
21, 19, 19, Tue Jan 10 06:23:52 2023
9, 10, 15, Tue Jan 10 06:24:52 2023

9, 10, 15, Tue Jan 10 06:24:52 2023

17, 22, 18, Tue Jan 10 06:25:52 2023
22, 22, 22, Tue Jan 10 06:26:52 2023
16, 16, 17, Tue Jan 10 06:27:52 2023
19, 23, 17, Tue Jan 10 06:28:52 2023
16, 18, 19, Tue Jan 10 06:29:52 2023
20, 27, 20, Tue Jan 10 06:30:52 2023
17, 20, 18, Tue Jan 10 06:31:52 2023
22, 22, 21, Tue Jan 10 06:32:52 2023
16, 20, 16, Tue Jan 10 06:33:52 2023
12, 18, 17, Tue Jan 10 06:34:52 2023
20, 25, 21, Tue Jan 10 06:35:52 2023
17, 21, 14, Tue Jan 10 06:36:52 2023
10, 15, 14, Tue Jan 10 06:37:52 2023
18, 21, 18, Tue Jan 10 06:38:52 2023
21, 27, 21, Tue Jan 10 06:39:52 2023
13, 17, 17, Tue Jan 10 06:40:52 2023
19, 20, 17, Tue Jan 10 06:41:52 2023
17, 18, 15, Tue Jan 10 06:42:52 2023
14, 15, 18, Tue Jan 10 06:43:52 2023
15, 14, 17, Tue Jan 10 06:44:52 2023
23, 24, 25, Tue Jan 10 06:45:52 2023
18, 23, 21, Tue Jan 10 06:46:52 2023
15, 27, 20, Tue Jan 10 06:47:52 2023
18, 24, 20, Tue Jan 10 06:48:52 2023
11, 12, 12, Tue Jan 10 06:49:52 2023
18, 19, 21, Tue Jan 10 06:50:52 2023
21, 20, 21, Tue Jan 10 06:51:52 2023
23, 22, 21, Tue Jan 10 06:52:52 2023
15, 16, 15, Tue Jan 10 06:53:52 2023
14, 14, 15, Tue Jan 10 06:54:52 2023
14, 15, 15, Tue Jan 10 06:55:52 2023
24, 25, 24, Tue Jan 10 06:56:52 2023
14, 13, 11, Tue Jan 10 06:57:52 2023
11, 14, 13, Tue Jan 10 06:58:52 2023
22, 24, 20, Tue Jan 10 06:59:52 2023
18, 24, 19, Tue Jan 10 07:00:52 2023
15, 17, 14, Tue Jan 10 07:01:52 2023
15, 15, 17, Tue Jan 10 07:02:52 2023
19, 20, 22, Tue Jan 10 07:03:52 2023
17, 18, 16, Tue Jan 10 07:04:52 2023
15, 21, 17, Tue Jan 10 07:05:52 2023
23, 27, 26, Tue Jan 10 07:06:52 2023
17, 23, 17, Tue Jan 10 07:07:52 2023
15, 18, 18, Tue Jan 10 07:08:52 2023
21, 22, 17, Tue Jan 10 07:09:52 2023
24, 28, 22, Tue Jan 10 07:10:52 2023
21, 30, 23, Tue Jan 10 07:11:52 2023
14, 18, 21, Tue Jan 10 07:12:52 2023
12, 13, 18, Tue Jan 10 07:13:52 2023
16, 23, 20, Tue Jan 10 07:14:52 2023
16, 17, 16, Tue Jan 10 07:15:52 2023
15, 19, 15, Tue Jan 10 07:16:52 2023
19, 22, 24, Tue Jan 10 07:17:52 2023
19, 19, 18, Tue Jan 10 07:18:52 2023
14, 17, 16, Tue Jan 10 07:19:52 2023
8, 15, 13, Tue Jan 10 07:20:52 2023

8, 15, 13, Tue Jan 10 07:20:52 2023

14, 18, 14, Tue Jan 10 07:21:52 2023
26, 22, 21, Tue Jan 10 07:22:52 2023
15, 20, 20, Tue Jan 10 07:23:52 2023
19, 21, 17, Tue Jan 10 07:24:52 2023
14, 18, 15, Tue Jan 10 07:25:52 2023
15, 14, 14, Tue Jan 10 07:26:52 2023
16, 17, 13, Tue Jan 10 07:27:52 2023
9, 14, 11, Tue Jan 10 07:28:52 2023

9, 14, 11, Tue Jan 10 07:28:52 2023

17, 18, 17, Tue Jan 10 07:29:52 2023
15, 20, 15, Tue Jan 10 07:30:52 2023
12, 15, 13, Tue Jan 10 07:31:52 2023
22, 27, 23, Tue Jan 10 07:32:52 2023
16, 18, 15, Tue Jan 10 07:33:52 2023
17, 22, 15, Tue Jan 10 07:34:52 2023
22, 22, 20, Tue Jan 10 07:35:52 2023
23, 21, 24, Tue Jan 10 07:36:52 2023
9, 11, 9, Tue Jan 10 07:37:52 2023
3
9, 11, 9, Tue Jan 10 07:37:52 2023
3
13, 20, 16, Tue Jan 10 07:38:52 2023
24, 20, 21, Tue Jan 10 07:39:52 2023
20, 25, 23, Tue Jan 10 07:40:52 2023
26, 25, 22, Tue Jan 10 07:41:52 2023
16, 22, 22, Tue Jan 10 07:42:52 2023
16, 21, 18, Tue Jan 10 07:43:52 2023
17, 15, 16, Tue Jan 10 07:44:52 2023
15, 18, 15, Tue Jan 10 07:45:52 2023
15, 14, 17, Tue Jan 10 07:46:52 2023
17, 20, 17, Tue Jan 10 07:47:52 2023
13, 16, 15, Tue Jan 10 07:48:52 2023
16, 16, 16, Tue Jan 10 07:49:52 2023
10, 14, 17, Tue Jan 10 07:50:52 2023
18, 21, 17, Tue Jan 10 07:51:52 2023
14, 18, 12, Tue Jan 10 07:52:52 2023
13, 18, 20, Tue Jan 10 07:53:52 2023
16, 16, 19, Tue Jan 10 07:54:52 2023
15, 15, 17, Tue Jan 10 07:55:52 2023
13, 14, 15, Tue Jan 10 07:56:52 2023
17, 16, 18, Tue Jan 10 07:57:52 2023
15, 19, 19, Tue Jan 10 07:58:52 2023
19, 23, 18, Tue Jan 10 07:59:52 2023
14, 17, 15, Tue Jan 10 08:00:52 2023
15, 15, 17, Tue Jan 10 08:01:52 2023
21, 24, 18, Tue Jan 10 08:02:52 2023
9, 9, 8, Tue Jan 10 08:03:52 2023
23
9, 9, 8, Tue Jan 10 08:03:52 2023
23
16, 22, 17, Tue Jan 10 08:04:52 2023
16, 16, 19, Tue Jan 10 08:05:52 2023
22, 26, 25, Tue Jan 10 08:06:52 2023
18, 20, 19, Tue Jan 10 08:07:52 2023
19, 16, 20, Tue Jan 10 08:08:52 2023
11, 19, 17, Tue Jan 10 08:09:52 2023
25, 24, 21, Tue Jan 10 08:10:52 2023
8, 12, 13, Tue Jan 10 08:11:52 2023

8, 12, 13, Tue Jan 10 08:11:52 2023

14, 20, 17, Tue Jan 10 08:12:52 2023
23, 18, 25, Tue Jan 10 08:13:52 2023
14, 15, 15, Tue Jan 10 08:14:52 2023
16, 18, 19, Tue Jan 10 08:15:52 2023
16, 21, 14, Tue Jan 10 08:16:52 2023
21, 21, 22, Tue Jan 10 08:17:52 2023
20, 21, 27, Tue Jan 10 08:18:52 2023
19, 19, 15, Tue Jan 10 08:19:52 2023
24, 29, 25, Tue Jan 10 08:20:52 2023
18, 20, 19, Tue Jan 10 08:21:52 2023
14, 17, 16, Tue Jan 10 08:22:52 2023
17, 15, 16, Tue Jan 10 08:23:52 2023
16, 13, 18, Tue Jan 10 08:24:52 2023
23, 28, 18, Tue Jan 10 08:25:52 2023
14, 16, 19, Tue Jan 10 08:26:52 2023
19, 17, 15, Tue Jan 10 08:27:52 2023
12, 12, 13, Tue Jan 10 08:28:52 2023
18, 22, 16, Tue Jan 10 08:29:52 2023
17, 17, 17, Tue Jan 10 08:30:52 2023
20, 20, 17, Tue Jan 10 08:31:52 2023
16, 22, 19, Tue Jan 10 08:32:52 2023
21, 20, 23, Tue Jan 10 08:33:52 2023
20, 21, 19, Tue Jan 10 08:34:52 2023
17, 22, 21, Tue Jan 10 08:35:52 2023
11, 13, 14, Tue Jan 10 08:36:52 2023
18, 20, 18, Tue Jan 10 08:37:52 2023
19, 20, 18, Tue Jan 10 08:38:52 2023
17, 18, 19, Tue Jan 10 08:39:52 2023
25, 25, 27, Tue Jan 10 08:40:52 2023
17, 17, 17, Tue Jan 10 08:41:52 2023
14, 14, 18, Tue Jan 10 08:42:52 2023
18, 19, 24, Tue Jan 10 08:43:52 2023
26, 25, 26, Tue Jan 10 08:44:52 2023
18, 21, 19, Tue Jan 10 08:45:52 2023
11, 14, 12, Tue Jan 10 08:46:52 2023
14, 14, 13, Tue Jan 10 08:47:52 2023
20, 22, 19, Tue Jan 10 08:48:52 2023
15, 14, 12, Tue Jan 10 08:49:52 2023
15, 21, 19, Tue Jan 10 08:50:52 2023
27, 29, 23, Tue Jan 10 08:51:52 2023
11, 16, 13, Tue Jan 10 08:52:52 2023
16, 19, 16, Tue Jan 10 08:53:52 2023
18, 23, 18, Tue Jan 10 08:54:52 2023
19, 20, 18, Tue Jan 10 08:55:52 2023
25, 29, 25, Tue Jan 10 08:56:52 2023
18, 24, 16, Tue Jan 10 08:57:52 2023
16, 10, 17, Tue Jan 10 08:58:52 2023
11, 21, 14, Tue Jan 10 08:59:52 2023
23, 23, 23, Tue Jan 10 09:00:52 2023
15, 17, 15, Tue Jan 10 09:01:52 2023
15, 17, 17, Tue Jan 10 09:02:52 2023
22, 17, 16, Tue Jan 10 09:03:52 2023
15, 14, 13, Tue Jan 10 09:04:52 2023
14, 18, 16, Tue Jan 10 09:05:52 2023
25, 28, 22, Tue Jan 10 09:06:52 2023
14, 17, 15, Tue Jan 10 09:07:52 2023
20, 25, 26, Tue Jan 10 09:08:52 2023
16, 19, 17, Tue Jan 10 09:09:52 2023
19, 22, 20, Tue Jan 10 09:10:52 2023
23, 19, 21, Tue Jan 10 09:11:52 2023
13, 13, 13, Tue Jan 10 09:12:52 2023
15, 16, 14, Tue Jan 10 09:13:52 2023
18, 26, 18, Tue Jan 10 09:14:52 2023
12, 17, 13, Tue Jan 10 09:15:52 2023
25, 24, 22, Tue Jan 10 09:16:52 2023
13, 22, 15, Tue Jan 10 09:17:52 2023
12, 13, 16, Tue Jan 10 09:18:52 2023
13, 16, 12, Tue Jan 10 09:19:52 2023
20, 27, 30, Tue Jan 10 09:20:52 2023
21, 21, 20, Tue Jan 10 09:21:52 2023
12, 13, 11, Tue Jan 10 09:22:52 2023
13, 19, 15, Tue Jan 10 09:23:52 2023
24, 25, 26, Tue Jan 10 09:24:52 2023
24, 28, 24, Tue Jan 10 09:25:52 2023
15, 16, 18, Tue Jan 10 09:26:52 2023
17, 16, 20, Tue Jan 10 09:27:52 2023
18, 21, 22, Tue Jan 10 09:28:52 2023
23, 28, 23, Tue Jan 10 09:29:52 2023
16, 15, 14, Tue Jan 10 09:30:52 2023
29, 29, 26, Tue Jan 10 09:31:52 2023
19, 20, 19, Tue Jan 10 09:32:52 2023
14, 17, 15, Tue Jan 10 09:33:52 2023
16, 17, 16, Tue Jan 10 09:34:52 2023
13, 19, 16, Tue Jan 10 09:35:52 2023
17, 24, 19, Tue Jan 10 09:36:52 2023
17, 18, 15, Tue Jan 10 09:37:52 2023
13, 15, 13, Tue Jan 10 09:38:52 2023
8, 17, 7, Tue Jan 10 09:39:52 2023
3
8, 17, 7, Tue Jan 10 09:39:52 2023
3
20, 23, 18, Tue Jan 10 09:40:52 2023
9, 15, 9, Tue Jan 10 09:41:52 2023
3
9, 15, 9, Tue Jan 10 09:41:52 2023
3
18, 23, 18, Tue Jan 10 09:42:52 2023
20, 23, 20, Tue Jan 10 09:43:52 2023
21, 24, 25, Tue Jan 10 09:44:52 2023
23, 24, 22, Tue Jan 10 09:45:52 2023
19, 20, 20, Tue Jan 10 09:46:52 2023
21, 20, 23, Tue Jan 10 09:47:52 2023
19, 18, 15, Tue Jan 10 09:48:52 2023
19, 17, 16, Tue Jan 10 09:49:52 2023
14, 13, 17, Tue Jan 10 09:50:52 2023
13, 15, 13, Tue Jan 10 09:51:52 2023
20, 21, 19, Tue Jan 10 09:52:52 2023
24, 30, 29, Tue Jan 10 09:53:52 2023
18, 17, 23, Tue Jan 10 09:54:52 2023
23, 23, 18, Tue Jan 10 09:55:52 2023
21, 19, 15, Tue Jan 10 09:56:52 2023
15, 19, 17, Tue Jan 10 09:57:52 2023
17, 16, 19, Tue Jan 10 09:58:52 2023
20, 21, 21, Tue Jan 10 09:59:52 2023
20, 18, 20, Tue Jan 10 10:00:52 2023
14, 15, 16, Tue Jan 10 10:01:52 2023
19, 15, 13, Tue Jan 10 10:02:52 2023
17, 16, 13, Tue Jan 10 10:03:52 2023
19, 23, 17, Tue Jan 10 10:04:52 2023
21, 23, 22, Tue Jan 10 10:05:52 2023
10, 18, 10, Tue Jan 10 10:06:52 2023
21, 23, 20, Tue Jan 10 10:07:52 2023
17, 24, 15, Tue Jan 10 10:08:52 2023
14, 21, 17, Tue Jan 10 10:09:52 2023
12, 23, 16, Tue Jan 10 10:10:52 2023
13, 14, 10, Tue Jan 10 10:11:52 2023
18, 16, 21, Tue Jan 10 10:12:52 2023
19, 19, 16, Tue Jan 10 10:13:52 2023
17, 21, 15, Tue Jan 10 10:14:52 2023
19, 14, 14, Tue Jan 10 10:15:52 2023
16, 19, 20, Tue Jan 10 10:16:52 2023
14, 14, 19, Tue Jan 10 10:17:52 2023
24, 20, 21, Tue Jan 10 10:18:52 2023
29, 19, 22, Tue Jan 10 10:19:52 2023
17, 23, 18, Tue Jan 10 10:20:52 2023
15, 19, 16, Tue Jan 10 10:21:52 2023
19, 17, 25, Tue Jan 10 10:22:52 2023
22, 23, 17, Tue Jan 10 10:23:52 2023
19, 22, 19, Tue Jan 10 10:24:52 2023
12, 11, 11, Tue Jan 10 10:25:52 2023
18, 15, 16, Tue Jan 10 10:26:52 2023
16, 19, 20, Tue Jan 10 10:27:52 2023
12, 14, 13, Tue Jan 10 10:28:52 2023
16, 14, 21, Tue Jan 10 10:29:52 2023
9, 13, 10, Tue Jan 10 10:30:52 2023

9, 13, 10, Tue Jan 10 10:30:52 2023

20, 19, 19, Tue Jan 10 10:31:52 2023
24, 22, 24, Tue Jan 10 10:32:52 2023
20, 20, 21, Tue Jan 10 10:33:52 2023
21, 27, 23, Tue Jan 10 10:34:52 2023
16, 18, 18, Tue Jan 10 10:35:52 2023
15, 21, 17, Tue Jan 10 10:36:52 2023
18, 22, 16, Tue Jan 10 10:37:52 2023
18, 15, 16, Tue Jan 10 10:38:52 2023
20, 19, 21, Tue Jan 10 10:39:52 2023
17, 18, 18, Tue Jan 10 10:40:52 2023
19, 21, 22, Tue Jan 10 10:41:52 2023
9, 15, 14, Tue Jan 10 10:42:52 2023

9, 15, 14, Tue Jan 10 10:42:52 2023

12, 15, 21, Tue Jan 10 10:43:52 2023
16, 17, 17, Tue Jan 10 10:44:52 2023
18, 20, 22, Tue Jan 10 10:45:52 2023
12, 18, 13, Tue Jan 10 10:46:52 2023
19, 21, 21, Tue Jan 10 10:47:52 2023
11, 17, 20, Tue Jan 10 10:48:52 2023
16, 19, 18, Tue Jan 10 10:49:52 2023
14, 16, 17, Tue Jan 10 10:50:52 2023
16, 16, 17, Tue Jan 10 10:51:52 2023
18, 20, 16, Tue Jan 10 10:52:52 2023
17, 17, 23, Tue Jan 10 10:53:52 2023
23, 26, 29, Tue Jan 10 10:54:52 2023
17, 17, 19, Tue Jan 10 10:55:52 2023
15, 19, 21, Tue Jan 10 10:56:52 2023
14, 15, 19, Tue Jan 10 10:57:52 2023
17, 16, 13, Tue Jan 10 10:58:52 2023
25, 30, 25, Tue Jan 10 10:59:52 2023
16, 21, 14, Tue Jan 10 11:00:52 2023
18, 26, 18, Tue Jan 10 11:01:52 2023
20, 18, 17, Tue Jan 10 11:02:52 2023
12, 20, 15, Tue Jan 10 11:03:52 2023
13, 14, 13, Tue Jan 10 11:04:52 2023
17, 15, 20, Tue Jan 10 11:05:52 2023
12, 17, 19, Tue Jan 10 11:06:52 2023
20, 23, 21, Tue Jan 10 11:07:52 2023
22, 23, 21, Tue Jan 10 11:08:52 2023
23, 22, 18, Tue Jan 10 11:09:52 2023
10, 7, 9, Tue Jan 10 11:10:52 2023
3
10, 7, 9, Tue Jan 10 11:10:52 2023
3
18, 22, 16, Tue Jan 10 11:11:52 2023
10, 12, 19, Tue Jan 10 11:12:52 2023
16, 15, 20, Tue Jan 10 11:13:52 2023
20, 19, 25, Tue Jan 10 11:14:52 2023
18, 19, 18, Tue Jan 10 11:15:52 2023
11, 10, 18, Tue Jan 10 11:16:52 2023
23, 22, 24, Tue Jan 10 11:17:52 2023
10, 15, 13, Tue Jan 10 11:18:52 2023
23, 24, 20, Tue Jan 10 11:19:52 2023
17, 27, 17, Tue Jan 10 11:20:52 2023
11, 15, 15, Tue Jan 10 11:21:52 2023
14, 18, 16, Tue Jan 10 11:22:52 2023
13, 17, 14, Tue Jan 10 11:23:52 2023
20, 23, 21, Tue Jan 10 11:24:52 2023
10, 17, 12, Tue Jan 10 11:25:52 2023
20, 22, 23, Tue Jan 10 11:26:52 2023
16, 13, 16, Tue Jan 10 11:27:52 2023
13, 18, 16, Tue Jan 10 11:28:52 2023
19, 19, 21, Tue Jan 10 11:29:52 2023
16, 20, 17, Tue Jan 10 11:30:52 2023
14, 12, 9, Tue Jan 10 11:31:52 2023

14, 12, 9, Tue Jan 10 11:31:52 2023

17, 21, 18, Tue Jan 10 11:32:52 2023
16, 20, 16, Tue Jan 10 11:33:52 2023
16, 21, 13, Tue Jan 10 11:34:52 2023
14, 16, 14, Tue Jan 10 11:35:52 2023
11, 16, 15, Tue Jan 10 11:36:52 2023
21, 17, 21, Tue Jan 10 11:37:52 2023
18, 20, 22, Tue Jan 10 11:38:52 2023
17, 21, 20, Tue Jan 10 11:39:52 2023
21, 19, 19, Tue Jan 10 11:40:52 2023
10, 15, 14, Tue Jan 10 11:41:52 2023
21, 22, 24, Tue Jan 10 11:42:52 2023
12, 11, 21, Tue Jan 10 11:43:52 2023
18, 21, 22, Tue Jan 10 11:44:52 2023
16, 24, 19, Tue Jan 10 11:45:52 2023
21, 20, 19, Tue Jan 10 11:46:52 2023
22, 25, 28, Tue Jan 10 11:47:52 2023
11, 10, 13, Tue Jan 10 11:48:52 2023
17, 18, 20, Tue Jan 10 11:49:52 2023
16, 16, 17, Tue Jan 10 11:50:52 2023
15, 21, 15, Tue Jan 10 11:51:52 2023
20, 18, 16, Tue Jan 10 11:52:52 2023
15, 22, 17, Tue Jan 10 11:53:52 2023
16, 19, 15, Tue Jan 10 11:54:52 2023
20, 21, 17, Tue Jan 10 11:55:52 2023
8, 12, 11, Tue Jan 10 11:56:52 2023

8, 12, 11, Tue Jan 10 11:56:52 2023

11, 12, 15, Tue Jan 10 11:57:52 2023
13, 15, 17, Tue Jan 10 11:58:52 2023
25, 27, 27, Tue Jan 10 11:59:52 2023
20, 20, 20, Tue Jan 10 12:00:52 2023
26, 26, 26, Tue Jan 10 12:01:52 2023
13, 15, 14, Tue Jan 10 12:02:52 2023
23, 21, 22, Tue Jan 10 12:03:52 2023
11, 20, 15, Tue Jan 10 12:04:52 2023
18, 16, 20, Tue Jan 10 12:05:52 2023
25, 22, 21, Tue Jan 10 12:06:52 2023
25, 28, 26, Tue Jan 10 12:07:52 2023
15, 14, 10, Tue Jan 10 12:08:52 2023
13, 15, 14, Tue Jan 10 12:09:52 2023
18, 20, 18, Tue Jan 10 12:10:52 2023
16, 18, 17, Tue Jan 10 12:11:52 2023
21, 22, 23, Tue Jan 10 12:12:52 2023
16, 21, 20, Tue Jan 10 12:13:52 2023
22, 22, 21, Tue Jan 10 12:14:52 2023
14, 15, 12, Tue Jan 10 12:15:52 2023
16, 24, 18, Tue Jan 10 12:16:52 2023
20, 21, 21, Tue Jan 10 12:17:52 2023
18, 23, 19, Tue Jan 10 12:18:52 2023
18, 23, 27, Tue Jan 10 12:19:52 2023
16, 16, 17, Tue Jan 10 12:20:52 2023
18, 20, 17, Tue Jan 10 12:21:52 2023
14, 16, 16, Tue Jan 10 12:22:52 2023
21, 23, 21, Tue Jan 10 12:23:52 2023
15, 21, 21, Tue Jan 10 12:24:52 2023
11, 15, 16, Tue Jan 10 12:25:52 2023
19, 22, 20, Tue Jan 10 12:26:52 2023
12, 14, 12, Tue Jan 10 12:27:52 2023
19, 17, 20, Tue Jan 10 12:28:52 2023
19, 20, 24, Tue Jan 10 12:29:52 2023
22, 20, 24, Tue Jan 10 12:30:52 2023
17, 24, 20, Tue Jan 10 12:31:52 2023
14, 20, 19, Tue Jan 10 12:32:52 2023
20, 16, 17, Tue Jan 10 12:33:52 2023
27, 25, 25, Tue Jan 10 12:34:52 2023
19, 14, 15, Tue Jan 10 12:35:52 2023
22, 25, 23, Tue Jan 10 12:36:52 2023
13, 16, 18, Tue Jan 10 12:37:52 2023
12, 15, 15, Tue Jan 10 12:38:52 2023
15, 17, 14, Tue Jan 10 12:39:52 2023
12, 11, 9, Tue Jan 10 12:40:52 2023

12, 11, 9, Tue Jan 10 12:40:52 2023

22, 22, 23, Tue Jan 10 12:41:52 2023
18, 15, 12, Tue Jan 10 12:42:52 2023
13, 14, 14, Tue Jan 10 12:43:52 2023
24, 26, 27, Tue Jan 10 12:44:52 2023
20, 16, 21, Tue Jan 10 12:45:52 2023
12, 12, 18, Tue Jan 10 12:46:52 2023
12, 17, 11, Tue Jan 10 12:47:52 2023
19, 22, 17, Tue Jan 10 12:48:52 2023
17, 23, 19, Tue Jan 10 12:49:52 2023
21, 19, 24, Tue Jan 10 12:50:52 2023
12, 18, 11, Tue Jan 10 12:51:52 2023
15, 17, 19, Tue Jan 10 12:52:52 2023
20, 25, 21, Tue Jan 10 12:53:52 2023
17, 17, 14, Tue Jan 10 12:54:52 2023
17, 22, 23, Tue Jan 10 12:55:52 2023
23, 21, 24, Tue Jan 10 12:56:52 2023
13, 22, 15, Tue Jan 10 12:57:52 2023
17, 20, 17, Tue Jan 10 12:58:52 2023
15, 17, 21, Tue Jan 10 12:59:52 2023
15, 14, 17, Tue Jan 10 13:00:52 2023
18, 18, 21, Tue Jan 10 13:01:52 2023
14, 18, 12, Tue Jan 10 13:02:52 2023
27, 29, 26, Tue Jan 10 13:03:52 2023
12, 14, 17, Tue Jan 10 13:04:52 2023
17, 17, 16, Tue Jan 10 13:05:52 2023
15, 16, 14, Tue Jan 10 13:06:52 2023
12, 18, 19, Tue Jan 10 13:07:52 2023
25, 24, 24, Tue Jan 10 13:08:52 2023
15, 15, 16, Tue Jan 10 13:09:52 2023
17, 16, 12, Tue Jan 10 13:10:52 2023
15, 18, 22, Tue Jan 10 13:11:52 2023
16, 19, 15, Tue Jan 10 13:12:52 2023
17, 21, 18, Tue Jan 10 13:13:52 2023
21, 25, 22, Tue Jan 10 13:14:52 2023
20, 25, 22, Tue Jan 10 13:15:52 2023
22, 20, 21, Tue Jan 10 13:16:52 2023
15, 13, 12, Tue Jan 10 13:17:52 2023
14, 18, 15, Tue Jan 10 13:18:52 2023
10, 14, 15, Tue Jan 10 13:19:52 2023
29, 22, 25, Tue Jan 10 13:20:52 2023
21, 20, 19, Tue Jan 10 13:21:52 2023
18, 17, 17, Tue Jan 10 13:22:52 2023
15, 15, 25, Tue Jan 10 13:23:52 2023
16, 20, 15, Tue Jan 10 13:24:52 2023
19, 17, 17, Tue Jan 10 13:25:52 2023
19, 19, 24, Tue Jan 10 13:26:52 2023
14, 18, 20, Tue Jan 10 13:27:52 2023
15, 13, 10, Tue Jan 10 13:28:52 2023
16, 17, 19, Tue Jan 10 13:29:52 2023
18, 26, 18, Tue Jan 10 13:30:52 2023
8, 12, 15, Tue Jan 10 13:31:52 2023

8, 12, 15, Tue Jan 10 13:31:52 2023

25, 29, 24, Tue Jan 10 13:32:52 2023
19, 25, 22, Tue Jan 10 13:33:52 2023
15, 16, 20, Tue Jan 10 13:34:52 2023
8, 9, 8, Tue Jan 10 13:35:52 2023
23
8, 9, 8, Tue Jan 10 13:35:52 2023
23
18, 27, 21, Tue Jan 10 13:36:52 2023
19, 18, 19, Tue Jan 10 13:37:52 2023
18, 18, 14, Tue Jan 10 13:38:52 2023
16, 18, 14, Tue Jan 10 13:39:52 2023
15, 14, 17, Tue Jan 10 13:40:52 2023
16, 22, 15, Tue Jan 10 13:41:52 2023
15, 10, 12, Tue Jan 10 13:42:52 2023
18, 22, 17, Tue Jan 10 13:43:52 2023
14, 15, 16, Tue Jan 10 13:44:52 2023
11, 17, 9, Tue Jan 10 13:45:52 2023

11, 17, 9, Tue Jan 10 13:45:52 2023

14, 20, 14, Tue Jan 10 13:46:52 2023
15, 15, 11, Tue Jan 10 13:47:52 2023
15, 16, 18, Tue Jan 10 13:48:52 2023
12, 10, 12, Tue Jan 10 13:49:52 2023
15, 19, 19, Tue Jan 10 13:50:52 2023
19, 26, 22, Tue Jan 10 13:51:52 2023
14, 18, 16, Tue Jan 10 13:52:52 2023
20, 21, 16, Tue Jan 10 13:53:52 2023
19, 22, 23, Tue Jan 10 13:54:52 2023
25, 24, 24, Tue Jan 10 13:55:52 2023
11, 13, 14, Tue Jan 10 13:56:52 2023
21, 27, 24, Tue Jan 10 13:57:52 2023
12, 17, 15, Tue Jan 10 13:58:52 2023
16, 17, 16, Tue Jan 10 13:59:52 2023
14, 10, 14, Tue Jan 10 14:00:52 2023
21, 22, 23, Tue Jan 10 14:01:52 2023
21, 25, 16, Tue Jan 10 14:02:52 2023
15, 24, 16, Tue Jan 10 14:03:52 2023
11, 17, 19, Tue Jan 10 14:04:52 2023
15, 19, 16, Tue Jan 10 14:05:52 2023
15, 17, 21, Tue Jan 10 14:06:52 2023
16, 24, 19, Tue Jan 10 14:07:52 2023
14, 16, 13, Tue Jan 10 14:08:52 2023
22, 19, 21, Tue Jan 10 14:09:52 2023
20, 20, 27, Tue Jan 10 14:10:52 2023
18, 24, 26, Tue Jan 10 14:11:52 2023
15, 16, 13, Tue Jan 10 14:12:52 2023
13, 15, 16, Tue Jan 10 14:13:52 2023
12, 15, 18, Tue Jan 10 14:14:52 2023
17, 15, 18, Tue Jan 10 14:15:52 2023
22, 23, 21, Tue Jan 10 14:16:52 2023
21, 27, 22, Tue Jan 10 14:17:52 2023
15, 13, 13, Tue Jan 10 14:18:52 2023
15, 17, 19, Tue Jan 10 14:19:52 2023
13, 12, 12, Tue Jan 10 14:20:52 2023
11, 16, 17, Tue Jan 10 14:21:52 2023
15, 21, 19, Tue Jan 10 14:22:52 2023
19, 20, 24, Tue Jan 10 14:23:52 2023
12, 16, 12, Tue Jan 10 14:24:52 2023
15, 14, 14, Tue Jan 10 14:25:52 2023
17, 16, 15, Tue Jan 10 14:26:52 2023
14, 16, 15, Tue Jan 10 14:27:52 2023
27, 21, 23, Tue Jan 10 14:28:52 2023
14, 16, 14, Tue Jan 10 14:29:52 2023
8, 7, 12, Tue Jan 10 14:30:52 2023
3
8, 7, 12, Tue Jan 10 14:30:52 2023
3
13, 13, 10, Tue Jan 10 14:31:52 2023
11, 14, 11, Tue Jan 10 14:32:52 2023
17, 17, 16, Tue Jan 10 14:33:52 2023
17, 17, 25, Tue Jan 10 14:34:52 2023
17, 21, 21, Tue Jan 10 14:35:52 2023
17, 23, 18, Tue Jan 10 14:36:52 2023
20, 21, 23, Tue Jan 10 14:37:52 2023
16, 19, 21, Tue Jan 10 14:38:52 2023
16, 18, 10, Tue Jan 10 14:39:52 2023
16, 22, 21, Tue Jan 10 14:40:52 2023
19, 15, 25, Tue Jan 10 14:41:52 2023
19, 22, 19, Tue Jan 10 14:42:52 2023
20, 21, 22, Tue Jan 10 14:43:52 2023
17, 22, 21, Tue Jan 10 14:44:52 2023
14, 20, 18, Tue Jan 10 14:45:52 2023
22, 23, 23, Tue Jan 10 14:46:52 2023
13, 12, 17, Tue Jan 10 14:47:52 2023
18, 21, 19, Tue Jan 10 14:48:52 2023
15, 16, 14, Tue Jan 10 14:49:52 2023
22, 21, 18, Tue Jan 10 14:50:52 2023
19, 22, 19, Tue Jan 10 14:51:52 2023
21, 27, 20, Tue Jan 10 14:52:52 2023
14, 18, 15, Tue Jan 10 14:53:52 2023
25, 24, 24, Tue Jan 10 14:54:52 2023
19, 16, 21, Tue Jan 10 14:55:52 2023
17, 21, 17, Tue Jan 10 14:56:52 2023
15, 13, 19, Tue Jan 10 14:57:52 2023
20, 18, 21, Tue Jan 10 14:58:52 2023
20, 19, 19, Tue Jan 10 14:59:52 2023
14, 20, 15, Tue Jan 10 15:00:52 2023
17, 21, 16, Tue Jan 10 15:01:52 2023
17, 16, 18, Tue Jan 10 15:02:52 2023
18, 24, 21, Tue Jan 10 15:03:52 2023
16, 19, 14, Tue Jan 10 15:04:52 2023
16, 16, 20, Tue Jan 10 15:05:52 2023
17, 23, 21, Tue Jan 10 15:06:52 2023
19, 16, 12, Tue Jan 10 15:07:52 2023
13, 13, 15, Tue Jan 10 15:08:52 2023
26, 26, 22, Tue Jan 10 15:09:52 2023
18, 19, 21, Tue Jan 10 15:10:52 2023
16, 15, 20, Tue Jan 10 15:11:52 2023
11, 16, 12, Tue Jan 10 15:12:52 2023
12, 18, 13, Tue Jan 10 15:13:52 2023
21, 27, 24, Tue Jan 10 15:14:52 2023
18, 22, 16, Tue Jan 10 15:15:52 2023
13, 16, 14, Tue Jan 10 15:16:52 2023
18, 16, 19, Tue Jan 10 15:17:52 2023
11, 11, 17, Tue Jan 10 15:18:52 2023
19, 13, 17, Tue Jan 10 15:19:52 2023
14, 21, 17, Tue Jan 10 15:20:52 2023
17, 15, 11, Tue Jan 10 15:21:52 2023
20, 22, 18, Tue Jan 10 15:22:52 2023
19, 25, 24, Tue Jan 10 15:23:52 2023
15, 19, 18, Tue Jan 10 15:24:52 2023
23, 18, 22, Tue Jan 10 15:25:52 2023
16, 25, 20, Tue Jan 10 15:26:52 2023
17, 18, 19, Tue Jan 10 15:27:52 2023
15, 17, 15, Tue Jan 10 15:28:52 2023
19, 17, 18, Tue Jan 10 15:29:52 2023
16, 17, 15, Tue Jan 10 15:30:52 2023
18, 17, 16, Tue Jan 10 15:31:52 2023
14, 16, 16, Tue Jan 10 15:32:52 2023
22, 17, 18, Tue Jan 10 15:33:52 2023
20, 16, 17, Tue Jan 10 15:34:52 2023
12, 15, 12, Tue Jan 10 15:35:52 2023
18, 18, 20, Tue Jan 10 15:36:52 2023
8, 11, 12, Tue Jan 10 15:37:52 2023

8, 11, 12, Tue Jan 10 15:37:52 2023

26, 25, 27, Tue Jan 10 15:38:52 2023
18, 15, 15, Tue Jan 10 15:39:52 2023
22, 20, 23, Tue Jan 10 15:40:52 2023
24, 19, 20, Tue Jan 10 15:41:52 2023
14, 16, 19, Tue Jan 10 15:42:52 2023
19, 22, 17, Tue Jan 10 15:43:52 2023
12, 12, 15, Tue Jan 10 15:44:52 2023
11, 17, 13, Tue Jan 10 15:45:52 2023
24, 27, 25, Tue Jan 10 15:46:52 2023
16, 16, 11, Tue Jan 10 15:47:52 2023
16, 20, 19, Tue Jan 10 15:48:52 2023
19, 20, 18, Tue Jan 10 15:49:52 2023
23, 16, 18, Tue Jan 10 15:50:52 2023
17, 20, 20, Tue Jan 10 15:51:52 2023
20, 21, 19, Tue Jan 10 15:52:52 2023
25, 23, 22, Tue Jan 10 15:53:52 2023
27, 27, 23, Tue Jan 10 15:54:52 2023
17, 21, 19, Tue Jan 10 15:55:52 2023
19, 21, 21, Tue Jan 10 15:56:52 2023
21, 24, 22, Tue Jan 10 15:57:52 2023
19, 20, 22, Tue Jan 10 15:58:52 2023
21, 19, 17, Tue Jan 10 15:59:52 2023
17, 20, 19, Tue Jan 10 16:00:52 2023
13, 15, 14, Tue Jan 10 16:01:52 2023
13, 11, 9, Tue Jan 10 16:02:52 2023

13, 11, 9, Tue Jan 10 16:02:52 2023

16, 15, 17, Tue Jan 10 16:03:52 2023
11, 14, 16, Tue Jan 10 16:04:52 2023
10, 8, 12, Tue Jan 10 16:05:52 2023

10, 8, 12, Tue Jan 10 16:05:52 2023

13, 14, 13, Tue Jan 10 16:06:52 2023
18, 16, 20, Tue Jan 10 16:07:52 2023
21, 26, 18, Tue Jan 10 16:08:52 2023
15, 14, 19, Tue Jan 10 16:09:52 2023
13, 18, 18, Tue Jan 10 16:10:52 2023
23, 23, 22, Tue Jan 10 16:11:52 2023
17, 18, 19, Tue Jan 10 16:12:52 2023
19, 22, 20, Tue Jan 10 16:13:52 2023
18, 18, 21, Tue Jan 10 16:14:52 2023
21, 25, 20, Tue Jan 10 16:15:52 2023
13, 12, 14, Tue Jan 10 16:16:52 2023
11, 10, 14, Tue Jan 10 16:17:52 2023
18, 18, 20, Tue Jan 10 16:18:52 2023
18, 21, 23, Tue Jan 10 16:19:52 2023
22, 22, 22, Tue Jan 10 16:20:52 2023
